country,indicator,model,mae,shared_order
AFG,Capacity,ets,0.016804433052822088,
AFG,Economic,arima,0.014889557160852607,
AFG,Ecosystems,ets,0.0009664334873462632,
AFG,Exposure,ets,4.4408920985006264e-17,
AFG,Food,ets,0.012619642638656826,
AFG,Governance,arima_shared_order,0.04352562730718246,"(2, 0, 0)"
AFG,Habitat,ets,0.0016487507809698654,
AFG,Health,ets,0.009690445751375653,
AFG,Infrastructure,ets,0.005455264673393956,
AFG,Sensitivity,arima,0.008337139418012918,
AFG,Social,arima,0.0028692910131642656,
AFG,Water,ets,0.00035296116245989715,
AGO,Capacity,ets,0.005679530118682785,
AGO,Economic,arima,0.008582351117721099,
AGO,Ecosystems,arima_shared_order,0.0008910714706080291,"(2, 0, 0)"
AGO,Exposure,ets,1.1102230246251565e-16,
AGO,Food,ets,0.005590694125123141,
AGO,Governance,arima_shared_order,0.10623773748814176,"(2, 0, 0)"
AGO,Habitat,arima,0.001504181734630783,
AGO,Health,arima,0.004521439055113463,
AGO,Infrastructure,ets,0.003352865833816754,
AGO,Sensitivity,arima,0.002691459099339144,
AGO,Social,ets,0.006963771857700851,
AGO,Water,ets,0.0011782657414877496,
ALB,Capacity,ets,0.05149680937868898,
ALB,Economic,arima_shared_order,0.013918630723523572,"(2, 0, 0)"
ALB,Ecosystems,arima_shared_order,0.0027612166938563608,"(2, 0, 0)"
ALB,Exposure,arima,0.0,
ALB,Food,arima,0.006624410609627785,
ALB,Governance,ets,0.01762314065280881,
ALB,Habitat,arima,0.0010818829955985486,
ALB,Health,ets,0.01064813393995695,
ALB,Infrastructure,arima_shared_order,0.0886803371606019,"(2, 0, 0)"
ALB,Sensitivity,arima,0.005354579944442606,
ALB,Social,ets,0.02161838108094718,
ALB,Water,ets,0.000980599958023415,
ARE,Capacity,ets,0.039985586102939265,
ARE,Economic,arima,0.02148374751609976,
ARE,Ecosystems,ets,0.0016784147538197124,
ARE,Exposure,ets,6.661338147750939e-17,
ARE,Food,ets,0.006684952372186937,
ARE,Governance,arima,0.02040363831989308,
ARE,Habitat,ets,0.0008896659185803846,
ARE,Health,ets,0.005544340567202877,
ARE,Infrastructure,arima_shared_order,0.06333070526510051,"(2, 0, 0)"
ARE,Sensitivity,ets,0.0022746791153236854,
ARE,Social,ets,0.004659690957713703,
ARE,Water,arima,2.4483692802745872e-05,
ARG,Capacity,ets,0.034032038728590085,
ARG,Economic,arima_shared_order,0.0038145437175940876,"(2, 0, 0)"
ARG,Ecosystems,ets,0.0050253650122701,
ARG,Exposure,ets,6.661338147750939e-17,
ARG,Food,arima,0.006005393441996398,
ARG,Governance,arima_shared_order,0.02799979399507111,"(2, 0, 0)"
ARG,Habitat,ets,0.002206361434499282,
ARG,Health,ets,0.004349921366585685,
ARG,Infrastructure,ets,0.11689331128519423,
ARG,Sensitivity,ets,0.003227464942011865,
ARG,Social,ets,0.007698748502507335,
ARG,Water,arima_shared_order,0.0011990639026313254,"(2, 0, 0)"
ARM,Capacity,arima_shared_order,0.014092035062025332,"(2, 0, 0)"
ARM,Economic,ets,0.009244837326094713,
ARM,Ecosystems,arima_shared_order,0.0003623294827970969,"(2, 0, 0)"
ARM,Exposure,ets,5.551115123125783e-17,
ARM,Food,arima_shared_order,0.0094792379170222,"(2, 0, 0)"
ARM,Governance,ets,0.09002190938762608,
ARM,Habitat,arima_shared_order,0.0019647573483442702,"(2, 0, 1)"
ARM,Health,ets,0.014187905578320115,
ARM,Infrastructure,ets,0.027447733829332056,
ARM,Sensitivity,arima,0.004035771663838628,
ARM,Social,arima,0.004053249926195779,
ARM,Water,ets,0.004701713692327014,
ATG,Capacity,ets,0.01791127414739868,
ATG,Economic,ets,0.005338281788525334,
ATG,Ecosystems,ets,0.0035691716871833813,
ATG,Exposure,ets,6.661338147750939e-17,
ATG,Food,ets,0.0026494956045275187,
ATG,Governance,arima,0.020622892500872004,
ATG,Habitat,arima_shared_order,0.00039455442852223135,"(2, 0, 1)"
ATG,Health,ets,0.02646032541332789,
ATG,Infrastructure,arima,0.0030253558312862473,
ATG,Sensitivity,arima_shared_order,0.002243665072770462,"(2, 0, 0)"
ATG,Social,arima,0.00646532453261377,
ATG,Water,ets,5.636369021988497e-06,
AUS,Capacity,ets,0.01814607197148761,
AUS,Economic,arima,0.004206323746736929,
AUS,Ecosystems,ets,1.7290945532277836e-05,
AUS,Exposure,ets,6.661338147750939e-17,
AUS,Food,ets,0.0016931659944099842,
AUS,Governance,ets,0.011484583092763895,
AUS,Habitat,arima_shared_order,0.0010523773109705648,"(2, 0, 1)"
AUS,Health,ets,0.0026565084030931,
AUS,Infrastructure,ets,0.052363325929146366,
AUS,Sensitivity,ets,0.0008419620391602323,
AUS,Social,ets,0.009491828048999996,
AUS,Water,arima_shared_order,0.0009194887989608991,"(2, 0, 0)"
AUT,Capacity,ets,0.003915973365300163,
AUT,Economic,arima_shared_order,0.006730811027855843,"(2, 0, 0)"
AUT,Ecosystems,arima_shared_order,0.0018772847942008619,"(2, 0, 0)"
AUT,Exposure,ets,5.551115123125783e-17,
AUT,Food,arima,0.005506685145082635,
AUT,Governance,ets,0.050693110353058124,
AUT,Habitat,arima_shared_order,0.006301389539768154,"(2, 0, 1)"
AUT,Health,ets,0.019844161260474714,
AUT,Infrastructure,ets,0.015851160883301997,
AUT,Sensitivity,arima_shared_order,0.005898661857175214,"(2, 0, 0)"
AUT,Social,ets,0.005756971971872216,
AUT,Water,arima,0.00010404784200759298,
AZE,Capacity,arima_shared_order,0.0024245393712531093,"(2, 0, 0)"
AZE,Economic,ets,0.021883270882765083,
AZE,Ecosystems,arima,0.0005371454871001657,
AZE,Exposure,ets,5.551115123125783e-17,
AZE,Food,arima_shared_order,0.010356830862693156,"(2, 0, 0)"
AZE,Governance,arima,0.029629010995916173,
AZE,Habitat,ets,0.0008430734998970957,
AZE,Health,arima_shared_order,0.004651015896142319,"(2, 0, 0)"
AZE,Infrastructure,ets,0.00011535017743393716,
AZE,Sensitivity,arima_shared_order,0.0027685159153256643,"(2, 0, 0)"
AZE,Social,ets,0.001625879422586296,
AZE,Water,arima,0.00025194188126042015,
BDI,Capacity,ets,0.0030632287252573944,
BDI,Economic,arima_shared_order,0.012529432305410548,"(2, 0, 0)"
BDI,Ecosystems,arima_shared_order,0.0015357367201337846,"(2, 0, 0)"
BDI,Exposure,ets,1.1102230246251565e-16,
BDI,Food,ets,0.00677033320647451,
BDI,Governance,ets,0.010871224059051143,
BDI,Habitat,ets,0.006180219994097125,
BDI,Health,arima_shared_order,0.0019389206825858318,"(2, 0, 0)"
BDI,Infrastructure,ets,0.005455264673393956,
BDI,Sensitivity,arima_shared_order,0.005230428141528432,"(2, 0, 0)"
BDI,Social,ets,0.0013427299290122096,
BDI,Water,ets,1.409618249903488e-09,
BEL,Capacity,ets,0.019844286651118582,
BEL,Economic,ets,0.007076274338354583,
BEL,Ecosystems,arima_shared_order,0.003196290663349233,"(2, 0, 0)"
BEL,Exposure,ets,0.0,
BEL,Food,ets,0.004991542219003148,
BEL,Governance,ets,0.009518244842902295,
BEL,Habitat,arima,0.0011041284144934992,
BEL,Health,ets,0.04253041106226529,
BEL,Infrastructure,arima_shared_order,0.0040762392689674964,"(2, 0, 0)"
BEL,Sensitivity,ets,0.0038741996290512113,
BEL,Social,arima_shared_order,0.012454341172593697,"(2, 0, 0)"
BEL,Water,arima,0.0004398345279393645,
BEN,Capacity,arima,0.006378993733185933,
BEN,Economic,arima_shared_order,0.006752776374335423,"(2, 0, 0)"
BEN,Ecosystems,ets,0.00033954464517305105,
BEN,Exposure,arima,0.0,
BEN,Food,arima,0.019862525965752376,
BEN,Governance,ets,0.08133476588274938,
BEN,Habitat,arima,0.0023534518901549228,
BEN,Health,arima,0.009569343222943338,
BEN,Infrastructure,arima,0.0343813811490967,
BEN,Sensitivity,arima,0.01847189986632323,
BEN,Social,ets,0.0013941911615272585,
BEN,Water,arima_shared_order,7.957973380601224e-07,"(2, 0, 0)"
BFA,Capacity,arima,0.002241823072071036,
BFA,Economic,arima,0.004849668293547049,
BFA,Ecosystems,ets,0.0002476000024681735,
BFA,Exposure,ets,1.1102230246251565e-16,
BFA,Food,arima_shared_order,0.005346911459800374,"(2, 0, 0)"
BFA,Governance,arima_shared_order,0.008820698760813572,"(2, 0, 0)"
BFA,Habitat,arima_shared_order,0.001642851001168899,"(2, 0, 1)"
BFA,Health,arima_shared_order,0.003536870223799493,"(2, 0, 0)"
BFA,Infrastructure,ets,0.003581206986987684,
BFA,Sensitivity,arima_shared_order,0.001965041385003452,"(2, 0, 0)"
BFA,Social,ets,0.002806200018044569,
BFA,Water,ets,0.00040915809108363896,
BGD,Capacity,arima_shared_order,0.04058048461950865,"(2, 0, 0)"
BGD,Economic,ets,0.03915952538527114,
BGD,Ecosystems,arima_shared_order,0.0001523813035631427,"(2, 0, 0)"
BGD,Exposure,ets,1.3322676295501878e-16,
BGD,Food,arima,0.008391963081557607,
BGD,Governance,arima,0.01040896542451617,
BGD,Habitat,arima_shared_order,0.001395510921799481,"(2, 0, 1)"
BGD,Health,arima_shared_order,0.024927877290310096,"(2, 0, 0)"
BGD,Infrastructure,arima_shared_order,0.09612655277977808,"(2, 0, 0)"
BGD,Sensitivity,arima_shared_order,0.024236775757920003,"(2, 0, 0)"
BGD,Social,ets,0.002458973378833762,
BGD,Water,ets,0.00045693882236308436,
BGR,Capacity,arima,0.024038342246340282,
BGR,Economic,arima,0.0015892232820918784,
BGR,Ecosystems,arima_shared_order,0.0016646249961285498,"(2, 0, 0)"
BGR,Exposure,arima,0.0,
BGR,Food,arima,0.004052728108447601,
BGR,Governance,ets,0.011737126773914808,
BGR,Habitat,ets,0.005451429492459292,
BGR,Health,ets,0.006019206632669205,
BGR,Infrastructure,ets,0.074908313959383,
BGR,Sensitivity,arima,0.0030489677494891843,
BGR,Social,ets,0.004990920337038784,
BGR,Water,ets,0.0016377679558198855,
BHR,Capacity,arima_shared_order,0.01059109960171446,"(2, 0, 0)"
BHR,Economic,ets,0.03941382848939984,
BHR,Ecosystems,arima_shared_order,0.0019189502184335683,"(2, 0, 0)"
BHR,Exposure,ets,4.4408920985006264e-17,
BHR,Food,arima_shared_order,0.007931428427091592,"(2, 0, 0)"
BHR,Governance,arima_shared_order,0.01030041172151428,"(2, 0, 0)"
BHR,Habitat,arima,0.025707865804290374,
BHR,Health,ets,0.0008751238738998746,
BHR,Infrastructure,ets,4.4408920985006264e-17,
BHR,Sensitivity,arima,0.002418634915287188,
BHR,Social,ets,0.012965338620460986,
BHR,Water,arima_shared_order,2.649265787602051e-06,"(2, 0, 0)"
BHS,Capacity,arima_shared_order,0.002519260361688702,"(2, 0, 0)"
BHS,Economic,ets,0.006233021239010439,
BHS,Ecosystems,ets,0.00026804814835594825,
BHS,Exposure,ets,6.661338147750939e-17,
BHS,Food,ets,0.006525031198982001,
BHS,Governance,arima_shared_order,0.009054550668792394,"(2, 0, 0)"
BHS,Habitat,arima,0.005737212980302875,
BHS,Health,ets,0.0003104926530678731,
BHS,Infrastructure,ets,0.005455264673393956,
BHS,Sensitivity,arima_shared_order,0.0012936246152442487,"(2, 0, 0)"
BHS,Social,arima,0.007647749391229097,
BHS,Water,arima,0.00022178704461766062,
BIH,Capacity,ets,0.0047290872917810315,
BIH,Economic,ets,0.00556342566973167,
BIH,Ecosystems,arima,0.0014504884663882112,
BIH,Exposure,ets,0.0,
BIH,Food,ets,0.001982166416376008,
BIH,Governance,ets,0.0077130336773675754,
BIH,Habitat,arima,0.0007464977987641896,
BIH,Health,arima,0.004158290900319372,
BIH,Infrastructure,ets,0.001925052257842791,
BIH,Sensitivity,arima,0.00685112753366991,
BIH,Social,arima,0.008281255584122248,
BIH,Water,arima,0.0004851585495707411,
BLR,Capacity,ets,0.014971829443516715,
BLR,Economic,ets,0.0634880970206972,
BLR,Ecosystems,arima,0.0014648571975512726,
BLR,Exposure,ets,6.661338147750939e-17,
BLR,Food,arima_shared_order,0.004433243928294761,"(2, 0, 0)"
BLR,Governance,arima,0.044154898401219486,
BLR,Habitat,arima_shared_order,0.00371998045918579,"(2, 0, 1)"
BLR,Health,ets,0.002106460198761417,
BLR,Infrastructure,ets,0.03405293834030852,
BLR,Sensitivity,arima_shared_order,0.002902928152961515,"(2, 0, 0)"
BLR,Social,arima_shared_order,0.01580676510426231,"(2, 0, 0)"
BLR,Water,ets,0.0005212690141571108,
BLZ,Capacity,arima,0.007859169600620363,
BLZ,Economic,ets,0.005057735062222979,
BLZ,Ecosystems,arima_shared_order,0.019304533394023736,"(2, 0, 0)"
BLZ,Exposure,arima,0.0,
BLZ,Food,arima_shared_order,0.006276539261975622,"(2, 0, 0)"
BLZ,Governance,ets,0.009487243846636063,
BLZ,Habitat,ets,0.0035284208920094095,
BLZ,Health,arima,0.0032153168800025276,
BLZ,Infrastructure,ets,0.005455264673393956,
BLZ,Sensitivity,arima,0.005615871769461256,
BLZ,Social,ets,0.0025026909471677072,
BLZ,Water,arima_shared_order,0.0014626438018536469,"(2, 0, 0)"
BOL,Capacity,arima,0.006679087043596899,
BOL,Economic,ets,0.004899887249620915,
BOL,Ecosystems,ets,1.3695330958940488e-05,
BOL,Exposure,ets,0.0,
BOL,Food,ets,0.0026360148711591425,
BOL,Governance,ets,0.040637541505573214,
BOL,Habitat,ets,0.006860113179531635,
BOL,Health,arima_shared_order,0.009295473924028085,"(2, 0, 0)"
BOL,Infrastructure,arima_shared_order,0.020889619678211242,"(2, 0, 0)"
BOL,Sensitivity,arima_shared_order,0.002873572402292646,"(2, 0, 0)"
BOL,Social,ets,0.003370694532562246,
BOL,Water,ets,3.9567288427655446e-05,
BRA,Capacity,arima_shared_order,0.002418749059256764,"(2, 0, 0)"
BRA,Economic,ets,0.016251070276560496,
BRA,Ecosystems,ets,0.0003841422493711111,
BRA,Exposure,ets,1.1102230246251565e-16,
BRA,Food,ets,0.001549690999328468,
BRA,Governance,ets,0.0142614492523226,
BRA,Habitat,ets,0.002298717811680584,
BRA,Health,arima,0.018858979979616698,
BRA,Infrastructure,arima,0.0037219492855823265,
BRA,Sensitivity,arima,0.0006185798224664863,
BRA,Social,ets,0.005349446958767467,
BRA,Water,arima_shared_order,0.0002921047856358383,"(2, 0, 0)"
BRB,Capacity,ets,0.017187161540925523,
BRB,Economic,ets,0.008986642761856966,
BRB,Ecosystems,ets,0.003631509725605664,
BRB,Exposure,arima,0.0,
BRB,Food,ets,0.01845932713012215,
BRB,Governance,ets,0.026679836121009527,
BRB,Habitat,arima_shared_order,0.00026345804572656115,"(2, 0, 1)"
BRB,Health,arima_shared_order,0.0012980194980435566,"(2, 0, 0)"
BRB,Infrastructure,arima,0.006161589368986869,
BRB,Sensitivity,ets,0.0014574013832177157,
BRB,Social,ets,0.12636461026151546,
BRB,Water,arima,0.00022178704461766062,
BRN,Capacity,arima_shared_order,0.004178315849857639,"(2, 0, 0)"
BRN,Economic,ets,0.05314796780685908,
BRN,Ecosystems,arima_shared_order,0.012142536240225165,"(2, 0, 0)"
BRN,Exposure,ets,4.4408920985006264e-17,
BRN,Food,ets,0.008529039811185612,
BRN,Governance,ets,0.07857909136553881,
BRN,Habitat,ets,0.009883980300873962,
BRN,Health,ets,0.002237684861806166,
BRN,Infrastructure,ets,0.0,
BRN,Sensitivity,arima_shared_order,0.0036007407425708293,"(2, 0, 0)"
BRN,Social,arima_shared_order,0.04892233083765272,"(2, 0, 0)"
BRN,Water,arima_shared_order,1.2472918042194526e-05,"(2, 0, 0)"
BTN,Capacity,ets,0.0066413630146181955,
BTN,Economic,arima_shared_order,0.013775203736678353,"(2, 0, 0)"
BTN,Ecosystems,arima,0.0014305034040736464,
BTN,Exposure,arima,0.0,
BTN,Food,ets,0.0017229808465920372,
BTN,Governance,ets,0.018297561470985463,
BTN,Habitat,arima_shared_order,0.009693740468545075,"(2, 0, 1)"
BTN,Health,arima_shared_order,0.01870088782980932,"(2, 0, 0)"
BTN,Infrastructure,ets,0.005455264673393956,
BTN,Sensitivity,arima_shared_order,0.00836862353555975,"(2, 0, 0)"
BTN,Social,ets,0.0033823238090530117,
BTN,Water,arima_shared_order,0.0017495509169110023,"(2, 0, 0)"
BWA,Capacity,arima,0.023787568985145537,
BWA,Economic,ets,0.011742096331784978,
BWA,Ecosystems,ets,0.0025714026461680197,
BWA,Exposure,ets,0.0,
BWA,Food,ets,0.002499226940059218,
BWA,Governance,ets,0.01497378545643604,
BWA,Habitat,ets,0.007226319028027106,
BWA,Health,ets,0.0075648277804407195,
BWA,Infrastructure,arima,0.04192838987217773,
BWA,Sensitivity,ets,0.00423234721095842,
BWA,Social,ets,0.0037469755143678674,
BWA,Water,arima,0.00047920537424407384,
CAF,Capacity,arima,0.02157326937898376,
CAF,Economic,ets,0.018185837430604933,
CAF,Ecosystems,ets,0.0002999421276287939,
CAF,Exposure,ets,6.661338147750939e-17,
CAF,Food,ets,0.014368827746473588,
CAF,Governance,ets,0.005549763619835613,
CAF,Habitat,arima_shared_order,0.01660177725422296,"(2, 0, 1)"
CAF,Health,arima_shared_order,0.00956304545226463,"(2, 0, 0)"
CAF,Infrastructure,ets,0.005455264673393956,
CAF,Sensitivity,arima_shared_order,0.005742197213539591,"(2, 0, 0)"
CAF,Social,arima,0.0020019749986162514,
CAF,Water,ets,0.00017736863275004123,
CAN,Capacity,arima,0.00985277245255477,
CAN,Economic,arima,0.004364665204379359,
CAN,Ecosystems,arima,0.0007690052672311709,
CAN,Exposure,ets,4.4408920985006264e-17,
CAN,Food,arima_shared_order,0.0010357435176254703,"(2, 0, 0)"
CAN,Governance,ets,0.025376993176930363,
CAN,Habitat,arima,0.009899294050694873,
CAN,Health,ets,0.0011003040807746444,
CAN,Infrastructure,ets,1.959734479875519e-06,
CAN,Sensitivity,ets,0.0011461311339888702,
CAN,Social,ets,0.010794807023554776,
CAN,Water,arima_shared_order,8.07132497991081e-05,"(2, 0, 0)"
CHE,Capacity,ets,0.0038584009697366917,
CHE,Economic,arima,0.004045982261369619,
CHE,Ecosystems,ets,0.0014772560228499987,
CHE,Exposure,ets,3.3306690738754695e-17,
CHE,Food,ets,0.0022968307078399474,
CHE,Governance,ets,0.009593313202987213,
CHE,Habitat,arima_shared_order,0.003426924720778812,"(2, 0, 1)"
CHE,Health,arima_shared_order,0.0007541361539946445,"(2, 0, 0)"
CHE,Infrastructure,ets,0.018966273454013007,
CHE,Sensitivity,ets,0.0018629305480734938,
CHE,Social,arima_shared_order,0.024772360254287952,"(2, 0, 0)"
CHE,Water,ets,0.0003190960496355144,
CHL,Capacity,arima_shared_order,0.0019749003153716415,"(2, 0, 0)"
CHL,Economic,arima,0.008251502030287516,
CHL,Ecosystems,arima,0.0008096069468280342,
CHL,Exposure,ets,6.661338147750939e-17,
CHL,Food,arima,0.0031037830114556465,
CHL,Governance,ets,0.02347730027349404,
CHL,Habitat,arima_shared_order,0.006100217954761256,"(2, 0, 1)"
CHL,Health,arima_shared_order,0.04194996482867312,"(2, 0, 0)"
CHL,Infrastructure,arima,0.07022029044438452,
CHL,Sensitivity,ets,0.0021145732916989456,
CHL,Social,arima,0.01368441310111983,
CHL,Water,arima,0.00022783923589744237,
CHN,Capacity,ets,0.0026249351873998904,
CHN,Economic,arima,0.13308414784556843,
CHN,Ecosystems,ets,0.0005975621754030547,
CHN,Exposure,ets,0.0,
CHN,Food,arima,0.0011770934736052064,
CHN,Governance,ets,0.05300538298166217,
CHN,Habitat,ets,0.007347426317115602,
CHN,Health,arima_shared_order,0.007702077143735974,"(2, 0, 0)"
CHN,Infrastructure,arima_shared_order,0.0009133048705336821,"(2, 0, 0)"
CHN,Sensitivity,ets,0.0023001712640051907,
CHN,Social,ets,0.013480615668000384,
CHN,Water,ets,0.000535459597607757,
CIV,Capacity,arima,0.0036127197040642933,
CIV,Economic,ets,0.04514808698865005,
CIV,Ecosystems,arima,0.0009705053159384635,
CIV,Exposure,ets,0.0,
CIV,Food,ets,0.004921602730252305,
CIV,Governance,ets,0.02518061324860903,
CIV,Habitat,arima_shared_order,0.0049494513319469306,"(2, 0, 1)"
CIV,Health,ets,0.011215853710575341,
CIV,Infrastructure,arima,0.0041101391344981085,
CIV,Sensitivity,ets,0.008742152276623737,
CIV,Social,ets,0.005466618411654389,
CIV,Water,arima,0.0011318143467615837,
CMR,Capacity,arima,0.002787552557975648,
CMR,Economic,ets,0.008676675419675761,
CMR,Ecosystems,arima,0.0014443976997769003,
CMR,Exposure,ets,0.0,
CMR,Food,ets,0.003832127689840048,
CMR,Governance,ets,0.006239898594435633,
CMR,Habitat,arima_shared_order,0.0023891710412990543,"(2, 0, 1)"
CMR,Health,arima_shared_order,0.012936446230373998,"(2, 0, 0)"
CMR,Infrastructure,ets,0.0046914823216897775,
CMR,Sensitivity,arima,0.00412731618132448,
CMR,Social,arima_shared_order,0.0018324393384105742,"(2, 0, 0)"
CMR,Water,arima_shared_order,0.00017714658792182813,"(2, 0, 0)"
COD,Capacity,ets,0.0020315915173009236,
COD,Economic,ets,0.0031983042281046093,
COD,Ecosystems,arima,0.0021956673955116023,
COD,Exposure,arima,0.0,
COD,Food,arima,0.006281374832291187,
COD,Governance,arima,0.0008710035779979641,
COD,Habitat,arima,0.0006297333635347125,
COD,Health,ets,0.004768647174689078,
COD,Infrastructure,ets,0.0008265668523870894,
COD,Sensitivity,ets,0.0025720872896105806,
COD,Social,ets,0.006439825235193241,
COD,Water,arima,0.00023521686778185113,
COG,Capacity,ets,0.0022404533623354263,
COG,Economic,ets,0.014329901795361488,
COG,Ecosystems,arima,0.0006507011678611007,
COG,Exposure,ets,4.4408920985006264e-17,
COG,Food,ets,0.018715759659904373,
COG,Governance,ets,0.014654573751941458,
COG,Habitat,ets,0.0002857833961848133,
COG,Health,arima,0.012199096243295116,
COG,Infrastructure,ets,0.00031498208244120084,
COG,Sensitivity,arima,0.007086943977544368,
COG,Social,ets,0.002658218244213506,
COG,Water,ets,0.00020820882426869636,
COL,Capacity,ets,0.027395977516989724,
COL,Economic,ets,0.005354035276017055,
COL,Ecosystems,ets,0.0007232959044042086,
COL,Exposure,ets,1.1102230246251565e-16,
COL,Food,arima,0.001739196195341608,
COL,Governance,arima_shared_order,0.0098086632065725,"(2, 0, 0)"
COL,Habitat,ets,0.0017410077447018945,
COL,Health,arima_shared_order,0.001516950965356978,"(2, 0, 0)"
COL,Infrastructure,ets,0.052204735009516015,
COL,Sensitivity,arima_shared_order,0.0014264965071208446,"(2, 0, 0)"
COL,Social,arima,0.009280953862767994,
COL,Water,ets,0.0004015451075917942,
COM,Capacity,ets,0.005195749591669907,
COM,Economic,ets,0.008609094577898092,
COM,Ecosystems,arima_shared_order,0.0032858494790063975,"(2, 0, 0)"
COM,Exposure,ets,6.661338147750939e-17,
COM,Food,ets,0.05033108369922405,
COM,Governance,arima_shared_order,0.07294523144559133,"(2, 0, 0)"
COM,Habitat,ets,0.004871010121359975,
COM,Health,ets,0.05318771478639066,
COM,Infrastructure,arima,0.009394318944615409,
COM,Sensitivity,ets,0.015561153443713737,
COM,Social,ets,0.005753381368507893,
COM,Water,arima,0.00022178704461766062,
CPV,Capacity,ets,0.002250500892665719,
CPV,Economic,ets,0.004521716977232071,
CPV,Ecosystems,arima,0.0032928389638965496,
CPV,Exposure,ets,0.0,
CPV,Food,ets,0.026455257324997806,
CPV,Governance,arima_shared_order,0.022783452445714947,"(2, 0, 0)"
CPV,Habitat,arima,0.002030478190586993,
CPV,Health,arima_shared_order,0.014422686850745792,"(2, 0, 0)"
CPV,Infrastructure,ets,0.0025682483314175665,
CPV,Sensitivity,arima_shared_order,0.008771917804097251,"(2, 0, 0)"
CPV,Social,ets,0.0037141760438356374,
CPV,Water,ets,0.013694400000104134,
CRI,Capacity,ets,0.009927121462595922,
CRI,Economic,arima,0.00846902760617727,
CRI,Ecosystems,ets,0.0013831807700458777,
CRI,Exposure,ets,0.0,
CRI,Food,ets,0.004163513390427531,
CRI,Governance,arima_shared_order,0.022201063124463703,"(2, 0, 0)"
CRI,Habitat,arima,0.0006400318293158902,
CRI,Health,ets,0.004947116466602108,
CRI,Infrastructure,ets,0.007249677576596581,
CRI,Sensitivity,ets,0.0027582806570045416,
CRI,Social,ets,0.0059731014787289816,
CRI,Water,arima_shared_order,0.00019905982071318772,"(2, 0, 0)"
CUB,Capacity,ets,0.002317909711511379,
CUB,Economic,arima,0.0006162301638132472,
CUB,Ecosystems,ets,0.0006438936637455095,
CUB,Exposure,ets,6.661338147750939e-17,
CUB,Food,ets,0.01640651357327163,
CUB,Governance,ets,0.03986971285014449,
CUB,Habitat,arima,0.0021813147090948837,
CUB,Health,ets,0.0022760699850385537,
CUB,Infrastructure,arima,0.011505263366779117,
CUB,Sensitivity,ets,0.01587842834590898,
CUB,Social,ets,0.0067837813909807695,
CUB,Water,ets,0.0004560497833287491,
CYP,Capacity,arima,0.0025322125700491306,
CYP,Economic,ets,0.004464581422601388,
CYP,Ecosystems,ets,0.0014279822012566168,
CYP,Exposure,ets,5.551115123125783e-17,
CYP,Food,ets,0.006287325025937251,
CYP,Governance,ets,0.029803557633497135,
CYP,Habitat,arima_shared_order,0.0035189897479736667,"(2, 0, 1)"
CYP,Health,arima_shared_order,0.0035517691648381698,"(2, 0, 0)"
CYP,Infrastructure,ets,8.631974489026195e-06,
CYP,Sensitivity,arima_shared_order,0.0030882718659496987,"(2, 0, 0)"
CYP,Social,ets,0.007338927958331976,
CYP,Water,arima,0.004178638308867655,
CZE,Capacity,arima,0.005437231730166891,
CZE,Economic,arima,0.004531965136417205,
CZE,Ecosystems,arima_shared_order,0.001100127367824133,"(2, 0, 0)"
CZE,Exposure,ets,6.661338147750939e-17,
CZE,Food,arima_shared_order,0.0018573830783883195,"(2, 0, 0)"
CZE,Governance,ets,0.0321745210593974,
CZE,Habitat,ets,0.01953075745570071,
CZE,Health,ets,0.0017052465016065,
CZE,Infrastructure,ets,0.006965920883766063,
CZE,Sensitivity,ets,0.003805600205888898,
CZE,Social,ets,0.022905594104406225,
CZE,Water,ets,0.0017344242270621647,
DEU,Capacity,arima_shared_order,0.0018318859825884105,"(2, 0, 0)"
DEU,Economic,arima_shared_order,0.003404169331603801,"(2, 0, 0)"
DEU,Ecosystems,ets,0.0005280396379135022,
DEU,Exposure,ets,0.0,
DEU,Food,ets,0.0013830113903113227,
DEU,Governance,arima_shared_order,0.018309395189964377,"(2, 0, 0)"
DEU,Habitat,ets,0.0018402868527692129,
DEU,Health,ets,0.0027239312149039017,
DEU,Infrastructure,ets,0.004225312939800075,
DEU,Sensitivity,arima,0.002786244371942781,
DEU,Social,ets,0.002876149815052165,
DEU,Water,arima,0.0019825116859175096,
DJI,Capacity,arima,0.001451505209140036,
DJI,Economic,arima_shared_order,0.023216724869562964,"(2, 0, 0)"
DJI,Ecosystems,ets,0.0009380356745458229,
DJI,Exposure,arima,0.0,
DJI,Food,ets,0.005879576673665099,
DJI,Governance,ets,0.01699817267876207,
DJI,Habitat,arima,0.00404171172680814,
DJI,Health,arima,0.02747473498362816,
DJI,Infrastructure,ets,0.005455264673393956,
DJI,Sensitivity,ets,0.013106930143540496,
DJI,Social,arima,0.005312301929672358,
DJI,Water,ets,9.995865586642783e-10,
DMA,Capacity,arima_shared_order,0.002519260361688702,"(2, 0, 0)"
DMA,Economic,ets,0.027576621349904507,
DMA,Ecosystems,arima_shared_order,0.002230391914493057,"(2, 0, 0)"
DMA,Exposure,ets,5.551115123125783e-17,
DMA,Food,ets,0.006779583583544646,
DMA,Governance,arima_shared_order,0.004968061809572632,"(2, 0, 0)"
DMA,Habitat,arima,0.0009390632782862119,
DMA,Health,ets,0.030509777435976815,
DMA,Infrastructure,ets,0.005455264673393956,
DMA,Sensitivity,arima_shared_order,0.018685728090846853,"(2, 0, 0)"
DMA,Social,ets,0.0010409177758682997,
DMA,Water,arima,0.00022178704461766062,
DNK,Capacity,ets,0.0023477415570231975,
DNK,Economic,arima,0.011788044172227974,
DNK,Ecosystems,ets,0.0012032794573613892,
DNK,Exposure,ets,4.4408920985006264e-17,
DNK,Food,arima,0.0010261077838195853,
DNK,Governance,arima,0.02562282023080109,
DNK,Habitat,ets,0.0050502580044399555,
DNK,Health,arima_shared_order,0.0005632360688277327,"(2, 0, 0)"
DNK,Infrastructure,arima_shared_order,0.021081514874301523,"(2, 0, 0)"
DNK,Sensitivity,ets,0.011700136326255684,
DNK,Social,arima_shared_order,0.008459627958340387,"(2, 0, 0)"
DNK,Water,ets,0.00025070862798944884,
DOM,Capacity,arima,0.0012232981127749509,
DOM,Economic,ets,0.00851303213907013,
DOM,Ecosystems,ets,0.00027407880564038755,
DOM,Exposure,ets,0.0,
DOM,Food,arima_shared_order,0.013477757617917762,"(2, 0, 0)"
DOM,Governance,arima,0.03906458222239402,
DOM,Habitat,arima,0.0005911005403939962,
DOM,Health,ets,0.010529542420760919,
DOM,Infrastructure,arima_shared_order,0.003953962880320461,"(2, 0, 0)"
DOM,Sensitivity,arima,0.006245224860796927,
DOM,Social,arima,0.003132002948592483,
DOM,Water,ets,6.506052308826726e-05,
DZA,Capacity,ets,0.027063575257711657,
DZA,Economic,arima,0.008185029004666732,
DZA,Ecosystems,arima_shared_order,0.0006201232066779472,"(2, 0, 0)"
DZA,Exposure,ets,5.551115123125783e-17,
DZA,Food,arima,0.00955202708822812,
DZA,Governance,ets,0.007740547809511678,
DZA,Habitat,ets,0.0029832391080965247,
DZA,Health,arima,0.0021967267611607945,
DZA,Infrastructure,arima_shared_order,0.0829266802617783,"(2, 0, 0)"
DZA,Sensitivity,arima_shared_order,0.000584491302744472,"(2, 0, 0)"
DZA,Social,ets,0.0009992004503965202,
DZA,Water,arima_shared_order,0.005732192280943382,"(2, 0, 0)"
ECU,Capacity,arima,0.015065634845527209,
ECU,Economic,arima,0.0031502167430461194,
ECU,Ecosystems,arima_shared_order,0.0006400673620278851,"(2, 0, 0)"
ECU,Exposure,ets,1.1102230246251565e-16,
ECU,Food,arima,0.02278291641000798,
ECU,Governance,ets,0.014399389564536213,
ECU,Habitat,ets,0.001795171559060904,
ECU,Health,arima,0.0007411868957674095,
ECU,Infrastructure,arima_shared_order,0.02940771236366773,"(2, 0, 0)"
ECU,Sensitivity,arima_shared_order,0.0020815839472450247,"(2, 0, 0)"
ECU,Social,ets,0.010077882816420325,
ECU,Water,arima,0.00038418126948798205,
EGY,Capacity,ets,0.010316608704813834,
EGY,Economic,arima,0.008909405799990422,
EGY,Ecosystems,ets,0.00039114074392027076,
EGY,Exposure,ets,6.661338147750939e-17,
EGY,Food,ets,0.0028815158427652476,
EGY,Governance,ets,0.041627361843956344,
EGY,Habitat,arima_shared_order,0.01317387275983064,"(2, 0, 1)"
EGY,Health,arima,0.0011947493046206904,
EGY,Infrastructure,ets,0.014864612981032244,
EGY,Sensitivity,arima,0.002460711657287984,
EGY,Social,ets,0.0051466851784437665,
EGY,Water,arima_shared_order,0.0006459060373241732,"(2, 0, 0)"
ERI,Capacity,ets,0.0029185163341896247,
ERI,Economic,ets,0.010432150808560437,
ERI,Ecosystems,ets,0.0009764431622162784,
ERI,Exposure,ets,6.661338147750939e-17,
ERI,Food,ets,0.0012135449482818972,
ERI,Governance,arima_shared_order,0.016496196884645032,"(2, 0, 0)"
ERI,Habitat,arima,0.0011755497740564725,
ERI,Health,arima_shared_order,0.01877777883581271,"(2, 0, 0)"
ERI,Infrastructure,arima,0.012742559369822447,
ERI,Sensitivity,arima_shared_order,0.008608917332643351,"(2, 0, 0)"
ERI,Social,ets,0.006038599991250004,
ERI,Water,ets,1.3762816238982455e-05,
ESP,Capacity,arima_shared_order,0.0042902712890371345,"(2, 0, 0)"
ESP,Economic,arima_shared_order,0.004567208443797988,"(2, 0, 0)"
ESP,Ecosystems,arima,0.00130728551391035,
ESP,Exposure,ets,6.661338147750939e-17,
ESP,Food,arima_shared_order,0.007321472323166922,"(2, 0, 0)"
ESP,Governance,arima_shared_order,0.022995324389552662,"(2, 0, 0)"
ESP,Habitat,ets,0.0017983329865095433,
ESP,Health,ets,0.003868984831808797,
ESP,Infrastructure,arima,0.008108644137975763,
ESP,Sensitivity,arima_shared_order,0.0025270276266968427,"(2, 0, 0)"
ESP,Social,ets,0.002411243925471762,
ESP,Water,arima_shared_order,0.0009373212988794011,"(2, 0, 0)"
EST,Capacity,ets,0.007081257419185516,
EST,Economic,arima,0.0036947114059130313,
EST,Ecosystems,ets,0.005599141256877382,
EST,Exposure,ets,5.551115123125783e-17,
EST,Food,ets,0.002713686642181673,
EST,Governance,arima_shared_order,0.007863126999744303,"(2, 0, 0)"
EST,Habitat,arima,0.0013440112901705436,
EST,Health,ets,0.001304764650927054,
EST,Infrastructure,arima_shared_order,0.006368182594594129,"(2, 0, 0)"
EST,Sensitivity,arima_shared_order,0.0018107756987687685,"(2, 0, 0)"
EST,Social,ets,0.00573023001362547,
EST,Water,ets,0.005928174477697379,
ETH,Capacity,arima_shared_order,0.004382795780473158,"(2, 0, 0)"
ETH,Economic,arima_shared_order,0.014780438014864172,"(2, 0, 0)"
ETH,Ecosystems,ets,0.0007449888418400552,
ETH,Exposure,ets,1.1102230246251565e-16,
ETH,Food,arima_shared_order,0.01459691637078353,"(2, 0, 0)"
ETH,Governance,ets,0.01065123280663156,
ETH,Habitat,ets,0.00018976512319148763,
ETH,Health,arima_shared_order,0.011917789153331615,"(2, 0, 0)"
ETH,Infrastructure,arima_shared_order,0.03976149827614377,"(2, 0, 0)"
ETH,Sensitivity,ets,0.007974959109344214,
ETH,Social,ets,0.003732828930895371,
ETH,Water,ets,0.00108442402080271,
FIN,Capacity,ets,0.0036077391232715974,
FIN,Economic,arima_shared_order,0.011563898445616994,"(2, 0, 0)"
FIN,Ecosystems,ets,0.0002847414267734827,
FIN,Exposure,ets,6.661338147750939e-17,
FIN,Food,arima_shared_order,0.002769295566662333,"(2, 0, 0)"
FIN,Governance,arima,0.007362453794786528,
FIN,Habitat,arima_shared_order,0.004284725978589532,"(2, 0, 1)"
FIN,Health,arima_shared_order,0.0028547961457085604,"(2, 0, 0)"
FIN,Infrastructure,ets,0.004633970324940784,
FIN,Sensitivity,arima_shared_order,0.0030810511996040625,"(2, 0, 0)"
FIN,Social,ets,0.011150784926668388,
FIN,Water,arima_shared_order,0.0006155679169313588,"(2, 0, 0)"
FJI,Capacity,ets,0.07592889147872732,
FJI,Economic,arima,0.0031946704754156176,
FJI,Ecosystems,ets,0.0014490258516977716,
FJI,Exposure,ets,0.0,
FJI,Food,ets,0.004336349376213555,
FJI,Governance,arima,0.01923973313996058,
FJI,Habitat,arima_shared_order,0.004224690031560052,"(2, 0, 1)"
FJI,Health,arima_shared_order,0.010675577279038973,"(2, 0, 0)"
FJI,Infrastructure,ets,0.23587689471277193,
FJI,Sensitivity,arima_shared_order,0.004048639502199769,"(2, 0, 0)"
FJI,Social,arima,0.010257299025950583,
FJI,Water,ets,9.70387563913766e-05,
FRA,Capacity,arima,0.006718349153528358,
FRA,Economic,ets,0.007714616306502475,
FRA,Ecosystems,arima_shared_order,0.0003607088099418787,"(2, 0, 0)"
FRA,Exposure,arima,0.0,
FRA,Food,arima,0.0033919939881467574,
FRA,Governance,ets,0.015321174723736074,
FRA,Habitat,ets,0.006375275386915425,
FRA,Health,arima,0.00251060005669147,
FRA,Infrastructure,arima,0.00472563134467997,
FRA,Sensitivity,ets,0.002018806734030443,
FRA,Social,arima,0.005020910476650697,
FRA,Water,ets,0.001009870195673257,
FSM,Capacity,arima_shared_order,0.002519260361688702,"(2, 0, 0)"
FSM,Economic,arima_shared_order,0.008909561720464799,"(2, 0, 0)"
FSM,Ecosystems,arima,0.0011381156122443504,
FSM,Exposure,ets,1.1102230246251565e-16,
FSM,Food,ets,0.0004151890015177351,
FSM,Governance,ets,0.02850475845142958,
FSM,Habitat,arima,0.0004009884792287144,
FSM,Health,arima,0.0014309614387847613,
FSM,Infrastructure,arima,0.02567014457127772,
FSM,Sensitivity,arima_shared_order,0.0019144643470980771,"(2, 0, 0)"
FSM,Social,ets,0.002167958829976513,
FSM,Water,arima,0.00022178704461766062,
GAB,Capacity,ets,0.004454680597732463,
GAB,Economic,ets,0.022205565901139333,
GAB,Ecosystems,arima,0.0004010402826847059,
GAB,Exposure,ets,4.4408920985006264e-17,
GAB,Food,ets,0.007899325254643753,
GAB,Governance,arima,0.0150721832883014,
GAB,Habitat,ets,0.0012373945853117352,
GAB,Health,arima_shared_order,0.023766894764058043,"(2, 0, 0)"
GAB,Infrastructure,ets,0.0003944169088593519,
GAB,Sensitivity,arima_shared_order,0.007695064680356289,"(2, 0, 0)"
GAB,Social,arima_shared_order,0.002640594797971274,"(2, 0, 0)"
GAB,Water,arima_shared_order,2.250944422503842e-05,"(2, 0, 0)"
GBR,Capacity,ets,0.0036153204535881167,
GBR,Economic,arima,0.012457636134695683,
GBR,Ecosystems,ets,0.0020412817729953403,
GBR,Exposure,ets,5.551115123125783e-17,
GBR,Food,ets,0.002471899177559572,
GBR,Governance,ets,0.0333407793858753,
GBR,Habitat,ets,0.0032785450585998575,
GBR,Health,ets,0.002345112182100051,
GBR,Infrastructure,ets,0.006606555837165356,
GBR,Sensitivity,ets,0.0030757060938967572,
GBR,Social,ets,0.003518756850495386,
GBR,Water,arima_shared_order,0.00034944960954419457,"(2, 0, 0)"
GEO,Capacity,ets,0.024665048691739244,
GEO,Economic,arima,0.02198538711138327,
GEO,Ecosystems,arima_shared_order,0.0009807162935809744,"(2, 0, 0)"
GEO,Exposure,arima,0.0,
GEO,Food,ets,0.003370133153901833,
GEO,Governance,arima,0.005342415047250015,
GEO,Habitat,ets,0.012224274504091382,
GEO,Health,arima,0.0069252717439086346,
GEO,Infrastructure,ets,0.05168593189121166,
GEO,Sensitivity,arima,0.0017350547902648006,
GEO,Social,ets,0.005103667008389356,
GEO,Water,arima,0.0006530670266091443,
GHA,Capacity,ets,0.04332070541840771,
GHA,Economic,ets,0.01735923911492534,
GHA,Ecosystems,ets,0.0013765999930804406,
GHA,Exposure,ets,6.661338147750939e-17,
GHA,Food,ets,0.01707183277375033,
GHA,Governance,ets,0.006932497571066487,
GHA,Habitat,ets,0.0012009745372465685,
GHA,Health,arima_shared_order,0.010175070250385465,"(2, 0, 0)"
GHA,Infrastructure,ets,0.10329088841674912,
GHA,Sensitivity,arima_shared_order,0.006941535147765188,"(2, 0, 0)"
GHA,Social,ets,0.008304238978841517,
GHA,Water,arima_shared_order,0.0014348935851126287,"(2, 0, 0)"
GIN,Capacity,ets,0.024210684967347417,
GIN,Economic,arima_shared_order,0.00918199608342345,"(2, 0, 0)"
GIN,Ecosystems,arima,0.0006130313414170474,
GIN,Exposure,ets,4.4408920985006264e-17,
GIN,Food,ets,0.01148172768093616,
GIN,Governance,arima,0.019707793794943786,
GIN,Habitat,arima,0.021575113173042927,
GIN,Health,arima_shared_order,0.01938285951537788,"(2, 0, 0)"
GIN,Infrastructure,ets,0.005455264673393956,
GIN,Sensitivity,arima,0.009276867934931621,
GIN,Social,arima,0.0019312265558809605,
GIN,Water,arima_shared_order,0.0005435847979019415,"(2, 0, 0)"
GMB,Capacity,arima,0.010399783911008108,
GMB,Economic,arima_shared_order,0.00902034780825598,"(2, 0, 0)"
GMB,Ecosystems,ets,0.0010729533846005168,
GMB,Exposure,ets,0.0,
GMB,Food,ets,0.05586066761254309,
GMB,Governance,arima,0.02613638487726453,
GMB,Habitat,arima,0.014473022544697178,
GMB,Health,ets,0.049965946417868425,
GMB,Infrastructure,arima,0.04617238663641664,
GMB,Sensitivity,ets,0.045957294341352053,
GMB,Social,ets,0.0007228758972797067,
GMB,Water,arima_shared_order,0.00031080492466484255,"(2, 0, 0)"
GNB,Capacity,ets,0.010539103277935303,
GNB,Economic,ets,0.011062965709067618,
GNB,Ecosystems,arima,0.0006715128340664123,
GNB,Exposure,ets,1.1102230246251565e-16,
GNB,Food,arima_shared_order,0.0075043028568248845,"(2, 0, 0)"
GNB,Governance,arima,0.025790634970038993,
GNB,Habitat,arima_shared_order,0.018266932560749138,"(2, 0, 1)"
GNB,Health,ets,0.019499438650697455,
GNB,Infrastructure,ets,0.005455264673393956,
GNB,Sensitivity,ets,0.007042775494129139,
GNB,Social,ets,0.001181253283803718,
GNB,Water,ets,0.00027174974855397326,
GNQ,Capacity,arima_shared_order,0.002519260361688702,"(2, 0, 0)"
GNQ,Economic,ets,0.008188771916397863,
GNQ,Ecosystems,ets,0.004059251976640288,
GNQ,Exposure,ets,0.0,
GNQ,Food,ets,0.000937213525184255,
GNQ,Governance,ets,0.004032771877977725,
GNQ,Habitat,ets,0.005368321684634925,
GNQ,Health,ets,0.002565921461148868,
GNQ,Infrastructure,ets,0.0005924937756137505,
GNQ,Sensitivity,ets,0.0030015800867894127,
GNQ,Social,ets,0.006465187073765133,
GNQ,Water,ets,1.2784218128558678e-14,
GRC,Capacity,ets,0.012469980725281993,
GRC,Economic,ets,0.0046782569668316395,
GRC,Ecosystems,arima_shared_order,0.0008021794012668338,"(2, 0, 0)"
GRC,Exposure,ets,5.551115123125783e-17,
GRC,Food,arima,0.00635906406889507,
GRC,Governance,arima_shared_order,0.01075730309850409,"(2, 0, 0)"
GRC,Habitat,arima,0.010759703576531532,
GRC,Health,ets,0.001133054941207795,
GRC,Infrastructure,ets,0.014590911760721725,
GRC,Sensitivity,ets,0.006105318811419491,
GRC,Social,ets,0.010147728511269572,
GRC,Water,arima,0.00032219694317886516,
GRD,Capacity,arima_shared_order,0.0006628855348230544,"(2, 0, 0)"
GRD,Economic,ets,0.0043025720919527945,
GRD,Ecosystems,ets,0.0018737134087272623,
GRD,Exposure,ets,0.0,
GRD,Food,arima_shared_order,0.0019307223608031388,"(2, 0, 0)"
GRD,Governance,arima_shared_order,0.01316197244314563,"(2, 0, 0)"
GRD,Habitat,ets,0.000836599986812514,
GRD,Health,arima_shared_order,0.008954167192857198,"(2, 0, 0)"
GRD,Infrastructure,ets,0.0015784043134693172,
GRD,Sensitivity,ets,0.0023292168009628965,
GRD,Social,arima_shared_order,0.004491894044208922,"(2, 0, 0)"
GRD,Water,ets,9.27960659713456e-07,
GTM,Capacity,arima,0.0177896659094118,
GTM,Economic,ets,0.012021003210452097,
GTM,Ecosystems,ets,0.0007022685399576956,
GTM,Exposure,ets,0.0,
GTM,Food,ets,0.002290320799913814,
GTM,Governance,ets,0.06865182768249052,
GTM,Habitat,ets,0.0018508313069978354,
GTM,Health,ets,0.007110042889567803,
GTM,Infrastructure,arima,0.0370866953457272,
GTM,Sensitivity,arima,0.0017038294583162528,
GTM,Social,ets,0.004705654119593538,
GTM,Water,ets,0.0003347169134962802,
GUY,Capacity,ets,0.0027248361944866017,
GUY,Economic,ets,0.00903161923100002,
GUY,Ecosystems,ets,5.553602691337201e-05,
GUY,Exposure,ets,6.661338147750939e-17,
GUY,Food,ets,0.010429289993248903,
GUY,Governance,ets,0.024742410590061457,
GUY,Habitat,arima,0.008417410037917916,
GUY,Health,ets,0.008976745769350869,
GUY,Infrastructure,arima_shared_order,0.14556836821275781,"(2, 0, 0)"
GUY,Sensitivity,ets,0.055408370003740506,
GUY,Social,ets,0.04531229500701095,
GUY,Water,arima,0.0007796717545403454,
HND,Capacity,arima_shared_order,0.0027094584477260096,"(2, 0, 0)"
HND,Economic,ets,0.0030097601000096397,
HND,Ecosystems,ets,0.0037215083655818713,
HND,Exposure,ets,4.4408920985006264e-17,
HND,Food,ets,0.002028384189247545,
HND,Governance,arima_shared_order,0.061214069025117966,"(2, 0, 0)"
HND,Habitat,arima_shared_order,0.008856074077966514,"(2, 0, 1)"
HND,Health,ets,0.008145329368736843,
HND,Infrastructure,ets,0.002080732415723785,
HND,Sensitivity,ets,0.004562221651240417,
HND,Social,ets,0.0022796141655764936,
HND,Water,ets,8.020000013712059e-05,
HRV,Capacity,arima_shared_order,0.002337598650318973,"(2, 0, 0)"
HRV,Economic,ets,0.003787776725399672,
HRV,Ecosystems,arima_shared_order,0.0015157922092815523,"(2, 0, 0)"
HRV,Exposure,ets,6.661338147750939e-17,
HRV,Food,ets,0.002433848511169523,
HRV,Governance,ets,0.02645931003481843,
HRV,Habitat,arima_shared_order,0.0013463810376270757,"(2, 0, 1)"
HRV,Health,arima_shared_order,0.0076137086012096015,"(2, 0, 0)"
HRV,Infrastructure,ets,0.008709703209882458,
HRV,Sensitivity,ets,0.006306077010402311,
HRV,Social,ets,0.008756074835899264,
HRV,Water,ets,5.573414690186462e-05,
HTI,Capacity,arima_shared_order,0.0019759381881415015,"(2, 0, 0)"
HTI,Economic,ets,0.004345376496468134,
HTI,Ecosystems,ets,0.0008130255151790666,
HTI,Exposure,ets,4.4408920985006264e-17,
HTI,Food,arima,0.004575630563386746,
HTI,Governance,ets,0.02468672458550032,
HTI,Habitat,ets,0.0032596091182643507,
HTI,Health,arima_shared_order,0.0009125225435885787,"(2, 0, 0)"
HTI,Infrastructure,ets,0.007582846855909731,
HTI,Sensitivity,ets,0.0009179272992860587,
HTI,Social,arima_shared_order,0.0014237661341754081,"(2, 0, 0)"
HTI,Water,ets,7.620059359125797e-06,
HUN,Capacity,ets,0.0032808888266192327,
HUN,Economic,arima_shared_order,0.00139510808111043,"(2, 0, 0)"
HUN,Ecosystems,arima_shared_order,0.0003254566400901382,"(2, 0, 0)"
HUN,Exposure,ets,4.4408920985006264e-17,
HUN,Food,ets,0.001638426411250904,
HUN,Governance,ets,0.010781842868146785,
HUN,Habitat,ets,0.008961971315782736,
HUN,Health,arima,0.004474395286593535,
HUN,Infrastructure,arima,0.017863456084076846,
HUN,Sensitivity,arima_shared_order,0.004810533516493798,"(2, 0, 0)"
HUN,Social,ets,0.014849614355461616,
HUN,Water,ets,0.003608310236161971,
IDN,Capacity,ets,0.08907596713151514,
IDN,Economic,ets,0.009253670967485838,
IDN,Ecosystems,ets,0.00016488633924028885,
IDN,Exposure,ets,1.1102230246251565e-16,
IDN,Food,ets,0.009417651952580864,
IDN,Governance,arima_shared_order,0.011933567318537674,"(2, 0, 0)"
IDN,Habitat,ets,0.0017905093702720975,
IDN,Health,ets,0.004240976049767198,
IDN,Infrastructure,ets,0.1549609765395975,
IDN,Sensitivity,arima,0.0016784559259814813,
IDN,Social,ets,0.013006794284331403,
IDN,Water,ets,0.0009598351834743113,
IND,Capacity,arima_shared_order,0.009462000335211784,"(2, 0, 0)"
IND,Economic,arima,0.03406253760971316,
IND,Ecosystems,ets,0.0002966338827404602,
IND,Exposure,ets,1.1102230246251565e-16,
IND,Food,arima_shared_order,0.0034347018091856808,"(2, 0, 0)"
IND,Governance,arima,0.00456893911366274,
IND,Habitat,ets,0.007362161116631127,
IND,Health,arima_shared_order,0.005263056030110657,"(2, 0, 0)"
IND,Infrastructure,arima,0.010927529339553637,
IND,Sensitivity,arima_shared_order,0.0026407128753281215,"(2, 0, 0)"
IND,Social,ets,0.018609199904066377,
IND,Water,ets,0.00015373578966109135,
IRL,Capacity,ets,0.007174125092264871,
IRL,Economic,arima_shared_order,0.01156485531560546,"(2, 0, 0)"
IRL,Ecosystems,ets,0.0017885749067030332,
IRL,Exposure,ets,0.0,
IRL,Food,ets,0.0031848523006169915,
IRL,Governance,arima_shared_order,0.01241402458071702,"(2, 0, 0)"
IRL,Habitat,arima,0.002837676168899572,
IRL,Health,ets,0.010622390901531293,
IRL,Infrastructure,arima,0.005755583954551602,
IRL,Sensitivity,arima,0.0015415558484393244,
IRL,Social,arima_shared_order,0.004050031037281743,"(2, 0, 0)"
IRL,Water,ets,0.0004637999998209685,
IRN,Capacity,arima_shared_order,0.0012567735797955892,"(2, 0, 0)"
IRN,Economic,arima_shared_order,0.013068525419684441,"(2, 0, 0)"
IRN,Ecosystems,ets,0.0006393514181025183,
IRN,Exposure,ets,6.661338147750939e-17,
IRN,Food,arima_shared_order,0.00310722965402902,"(2, 0, 0)"
IRN,Governance,ets,0.021202981860725424,
IRN,Habitat,arima,0.01300397320537291,
IRN,Health,arima,0.0008701752659937667,
IRN,Infrastructure,arima_shared_order,0.00018805151527271635,"(2, 0, 0)"
IRN,Sensitivity,arima,0.0015326158814727652,
IRN,Social,arima_shared_order,0.04544114709743563,"(2, 0, 0)"
IRN,Water,ets,7.092893492468554e-05,
IRQ,Capacity,arima_shared_order,0.002074275450626395,"(2, 0, 0)"
IRQ,Economic,ets,0.010117170858017267,
IRQ,Ecosystems,ets,0.0011136941893628237,
IRQ,Exposure,arima,0.0,
IRQ,Food,ets,0.0006254478749246117,
IRQ,Governance,ets,0.01636465874115507,
IRQ,Habitat,ets,0.005076089650169269,
IRQ,Health,ets,0.004582111827310631,
IRQ,Infrastructure,ets,0.0002800954769888675,
IRQ,Sensitivity,arima_shared_order,0.009235393638706024,"(2, 0, 0)"
IRQ,Social,ets,0.012264693314698195,
IRQ,Water,arima,0.02312005399996091,
ISL,Capacity,ets,0.008651037670086214,
ISL,Economic,ets,0.00436899899958274,
ISL,Ecosystems,ets,0.00043558809089807584,
ISL,Exposure,arima,0.0,
ISL,Food,arima_shared_order,0.003886480515398516,"(2, 0, 0)"
ISL,Governance,ets,0.03298066225647726,
ISL,Habitat,ets,0.003112170877982634,
ISL,Health,ets,0.006226124985918574,
ISL,Infrastructure,ets,0.0058186816245390845,
ISL,Sensitivity,ets,0.0022996591370507357,
ISL,Social,ets,0.011746625779193465,
ISL,Water,arima,0.0004819694853820444,
ISR,Capacity,arima_shared_order,0.002296791248729635,"(2, 0, 0)"
ISR,Economic,arima_shared_order,0.020021589777148407,"(2, 0, 0)"
ISR,Ecosystems,ets,0.0027043797951938455,
ISR,Exposure,ets,5.551115123125783e-17,
ISR,Food,arima_shared_order,0.025110703860641882,"(2, 0, 0)"
ISR,Governance,ets,0.021385838104996325,
ISR,Habitat,ets,0.00876618013521826,
ISR,Health,ets,0.006042701031406328,
ISR,Infrastructure,ets,0.05136944387497376,
ISR,Sensitivity,ets,0.022719234985887505,
ISR,Social,ets,0.00915972631289621,
ISR,Water,ets,7.91648881274254e-06,
ITA,Capacity,arima_shared_order,0.0058728994774975615,"(2, 0, 0)"
ITA,Economic,arima_shared_order,0.008724203692656673,"(2, 0, 0)"
ITA,Ecosystems,arima,0.0017645708449609554,
ITA,Exposure,ets,4.4408920985006264e-17,
ITA,Food,ets,0.004876012674648822,
ITA,Governance,arima_shared_order,0.04377902966857359,"(2, 0, 0)"
ITA,Habitat,ets,0.004892759057787177,
ITA,Health,ets,0.0049669326494639395,
ITA,Infrastructure,ets,0.013644038211491027,
ITA,Sensitivity,arima_shared_order,0.0015672402298344324,"(2, 0, 0)"
ITA,Social,ets,0.03132553397942374,
ITA,Water,arima_shared_order,5.964777083931061e-05,"(2, 0, 0)"
JAM,Capacity,ets,0.013640931682661317,
JAM,Economic,ets,0.011184126872952005,
JAM,Ecosystems,arima_shared_order,0.0012281219311031434,"(2, 0, 0)"
JAM,Exposure,ets,0.0,
JAM,Food,ets,0.005569071258751302,
JAM,Governance,arima_shared_order,0.02965118993534226,"(2, 0, 0)"
JAM,Habitat,ets,0.003384518856272234,
JAM,Health,ets,0.002096285322772806,
JAM,Infrastructure,ets,0.03216125677796694,
JAM,Sensitivity,arima_shared_order,0.002305896303692978,"(2, 0, 0)"
JAM,Social,ets,0.0017368805913650308,
JAM,Water,ets,0.0008283339698117898,
JOR,Capacity,ets,0.0645160917774673,
JOR,Economic,arima,0.0063421216604139016,
JOR,Ecosystems,ets,0.0024821093550403185,
JOR,Exposure,ets,6.661338147750939e-17,
JOR,Food,arima_shared_order,0.01282127960582885,"(2, 0, 0)"
JOR,Governance,arima_shared_order,0.014917881544694844,"(2, 0, 0)"
JOR,Habitat,ets,0.0024878830521996463,
JOR,Health,arima,0.007223260351265448,
JOR,Infrastructure,ets,0.1455060517344477,
JOR,Sensitivity,arima,0.005100010544500622,
JOR,Social,ets,0.004414989082198506,
JOR,Water,ets,0.0019826190253563135,
JPN,Capacity,ets,0.00046480912560867835,
JPN,Economic,arima_shared_order,0.0035059181456654986,"(2, 0, 0)"
JPN,Ecosystems,ets,0.0016206865141225157,
JPN,Exposure,ets,1.1102230246251565e-16,
JPN,Food,arima_shared_order,0.002498598725770779,"(2, 0, 0)"
JPN,Governance,ets,0.015328001656341322,
JPN,Habitat,arima,0.003960404994226052,
JPN,Health,ets,0.00203373101822108,
JPN,Infrastructure,arima_shared_order,0.00158768399771978,"(2, 0, 0)"
JPN,Sensitivity,arima_shared_order,0.0024893783253969294,"(2, 0, 0)"
JPN,Social,arima,0.004999426310194855,
JPN,Water,ets,0.00016788409445510631,
KAZ,Capacity,arima_shared_order,0.0046404801572402345,"(2, 0, 0)"
KAZ,Economic,arima_shared_order,0.04281163234966403,"(2, 0, 0)"
KAZ,Ecosystems,ets,0.011067370877659587,
KAZ,Exposure,ets,5.551115123125783e-17,
KAZ,Food,arima_shared_order,0.012056888203806038,"(2, 0, 0)"
KAZ,Governance,arima,0.06686164831024255,
KAZ,Habitat,arima_shared_order,0.0015028034575408356,"(2, 0, 1)"
KAZ,Health,ets,0.0015083197941349268,
KAZ,Infrastructure,arima_shared_order,0.01684785356229984,"(2, 0, 0)"
KAZ,Sensitivity,arima,0.007228768405252805,
KAZ,Social,ets,0.035003023220655426,
KAZ,Water,arima,0.0009608650047673528,
KEN,Capacity,ets,0.006521315062860378,
KEN,Economic,arima_shared_order,0.006508319162376286,"(2, 0, 0)"
KEN,Ecosystems,ets,0.00020836945674326257,
KEN,Exposure,ets,1.1102230246251565e-16,
KEN,Food,ets,0.0024843652435071473,
KEN,Governance,arima,0.037318043870684534,
KEN,Habitat,ets,0.0016610187047426893,
KEN,Health,ets,0.022871653656098067,
KEN,Infrastructure,ets,0.011482024908680388,
KEN,Sensitivity,ets,0.009302349590220915,
KEN,Social,arima_shared_order,0.0012553233595418822,"(2, 0, 0)"
KEN,Water,arima,0.0017457556701394373,
KGZ,Capacity,arima,0.0040797495227646976,
KGZ,Economic,ets,0.006255319993685027,
KGZ,Ecosystems,ets,0.0007142625185471929,
KGZ,Exposure,ets,5.551115123125783e-17,
KGZ,Food,ets,0.009927319711843042,
KGZ,Governance,arima,0.030218287952430645,
KGZ,Habitat,arima_shared_order,0.0005839136038456206,"(2, 0, 1)"
KGZ,Health,ets,0.012072549713619828,
KGZ,Infrastructure,ets,0.006608167410654281,
KGZ,Sensitivity,ets,0.0063988690678823176,
KGZ,Social,ets,0.02427541945188407,
KGZ,Water,arima_shared_order,0.0008286073282353035,"(2, 0, 0)"
KHM,Capacity,ets,0.005951013057006649,
KHM,Economic,ets,0.00445278954444357,
KHM,Ecosystems,arima,0.0005145675849730136,
KHM,Exposure,ets,6.661338147750939e-17,
KHM,Food,ets,0.005693672668220229,
KHM,Governance,arima,0.007522129197780947,
KHM,Habitat,arima_shared_order,0.0042260058563396985,"(2, 0, 1)"
KHM,Health,ets,0.017006739038731122,
KHM,Infrastructure,arima_shared_order,0.010213387942977502,"(2, 0, 0)"
KHM,Sensitivity,arima_shared_order,0.00947896183635446,"(2, 0, 0)"
KHM,Social,ets,0.002935926012255985,
KHM,Water,ets,0.0002147114278379547,
KIR,Capacity,ets,0.0564304506514838,
KIR,Economic,ets,0.006865713534107143,
KIR,Ecosystems,arima,0.0011381156122443504,
KIR,Exposure,ets,1.3322676295501878e-16,
KIR,Food,arima_shared_order,0.006064582283952213,"(2, 0, 0)"
KIR,Governance,arima,0.017542770179715995,
KIR,Habitat,ets,0.001399799989908601,
KIR,Health,ets,0.04130437889974079,
KIR,Infrastructure,ets,0.12768364159358175,
KIR,Sensitivity,arima_shared_order,0.0019144643470980771,"(2, 0, 0)"
KIR,Social,ets,0.0010409177758682997,
KIR,Water,arima,0.00022178704461766062,
KNA,Capacity,arima_shared_order,0.002519260361688702,"(2, 0, 0)"
KNA,Economic,ets,0.0197394997036189,
KNA,Ecosystems,arima,0.0011381156122443504,
KNA,Exposure,ets,4.4408920985006264e-17,
KNA,Food,ets,0.004149724532104315,
KNA,Governance,ets,0.017081607737659443,
KNA,Habitat,arima_shared_order,0.0005320961413159631,"(2, 0, 1)"
KNA,Health,ets,0.0004587035742656953,
KNA,Infrastructure,ets,0.005455264673393956,
KNA,Sensitivity,arima_shared_order,0.0011298867869351636,"(2, 0, 0)"
KNA,Social,ets,0.011158203336325324,
KNA,Water,arima,0.00022178704461766062,
KOR,Capacity,ets,0.011724043370327342,
KOR,Economic,arima,0.004206480921775124,
KOR,Ecosystems,ets,0.001730148711860857,
KOR,Exposure,arima,0.0,
KOR,Food,ets,0.0016335892817427589,
KOR,Governance,ets,0.05053506483897807,
KOR,Habitat,arima,0.006718718838523452,
KOR,Health,ets,0.0021836197215181928,
KOR,Infrastructure,ets,0.012419441814496047,
KOR,Sensitivity,ets,0.0009709394457658282,
KOR,Social,ets,0.013327459920239548,
KOR,Water,arima,0.00010082319044720788,
KWT,Capacity,ets,0.0036335212788111025,
KWT,Economic,ets,0.09157054223594208,
KWT,Ecosystems,ets,0.005117605938623537,
KWT,Exposure,arima,0.0,
KWT,Food,arima_shared_order,0.008511088673077205,"(2, 0, 0)"
KWT,Governance,arima_shared_order,0.04880303508145585,"(2, 0, 0)"
KWT,Habitat,ets,0.014729506900807154,
KWT,Health,arima,0.011720893886172323,
KWT,Infrastructure,ets,0.0,
KWT,Sensitivity,ets,0.005140712862986086,
KWT,Social,arima,0.0132738440253366,
KWT,Water,ets,5.551115123125783e-17,
LAO,Capacity,arima,0.003085051819660256,
LAO,Economic,ets,0.0014132602484235868,
LAO,Ecosystems,arima,0.0011924589341517633,
LAO,Exposure,ets,6.661338147750939e-17,
LAO,Food,arima_shared_order,0.010413765132500807,"(2, 0, 0)"
LAO,Governance,arima_shared_order,0.010201554772478106,"(2, 0, 0)"
LAO,Habitat,arima,0.0011695356931444856,
LAO,Health,arima_shared_order,0.03820345775067465,"(2, 0, 0)"
LAO,Infrastructure,ets,0.011769732058117077,
LAO,Sensitivity,arima,0.02408200947478447,
LAO,Social,ets,0.007448432609603306,
LAO,Water,arima_shared_order,0.00045473867306482506,"(2, 0, 0)"
LBN,Capacity,ets,0.026211452582022787,
LBN,Economic,ets,0.004853533042315239,
LBN,Ecosystems,arima,0.0018740628155493265,
LBN,Exposure,ets,5.551115123125783e-17,
LBN,Food,arima,0.0038688928841508208,
LBN,Governance,ets,0.011294717082399774,
LBN,Habitat,arima,0.0007481209434747838,
LBN,Health,arima,0.03246145415398808,
LBN,Infrastructure,arima_shared_order,0.03591928130161779,"(2, 0, 0)"
LBN,Sensitivity,arima_shared_order,0.01617873946367123,"(2, 0, 0)"
LBN,Social,ets,0.007205491506414763,
LBN,Water,ets,0.00027702666053719405,
LBR,Capacity,ets,0.009436623156443691,
LBR,Economic,ets,0.019032143421249193,
LBR,Ecosystems,ets,0.002332170033055192,
LBR,Exposure,arima,0.0,
LBR,Food,arima_shared_order,0.007969951923982222,"(2, 0, 0)"
LBR,Governance,arima_shared_order,0.010846487021883622,"(2, 0, 0)"
LBR,Habitat,arima_shared_order,0.00330268441406647,"(2, 0, 1)"
LBR,Health,arima,0.0452352774189773,
LBR,Infrastructure,ets,0.01162120729093442,
LBR,Sensitivity,ets,0.02082702127947823,
LBR,Social,arima,0.00271847647627832,
LBR,Water,ets,1.0201831055300925e-05,
LBY,Capacity,arima_shared_order,0.0017438079254181505,"(2, 0, 0)"
LBY,Economic,ets,0.010485208624315855,
LBY,Ecosystems,ets,0.0032576939097124446,
LBY,Exposure,ets,5.551115123125783e-17,
LBY,Food,arima,0.012378872012162645,
LBY,Governance,arima,0.013413723213204864,
LBY,Habitat,arima,0.00894162872639397,
LBY,Health,arima_shared_order,0.0051813240954579395,"(2, 0, 0)"
LBY,Infrastructure,arima,0.007557051227713713,
LBY,Sensitivity,arima,0.0013044337001702933,
LBY,Social,arima_shared_order,0.009133831509556156,"(2, 0, 0)"
LBY,Water,ets,1.7278215539895393e-05,
LCA,Capacity,arima_shared_order,0.002519260361688702,"(2, 0, 0)"
LCA,Economic,ets,0.0031482861558826737,
LCA,Ecosystems,ets,0.0033756444045344282,
LCA,Exposure,ets,0.0,
LCA,Food,arima_shared_order,0.0067530963031679605,"(2, 0, 0)"
LCA,Governance,arima_shared_order,0.005498160961729781,"(2, 0, 0)"
LCA,Habitat,ets,0.0021994000292808345,
LCA,Health,arima,0.0826659496598025,
LCA,Infrastructure,arima_shared_order,0.00018221527285514072,"(2, 0, 0)"
LCA,Sensitivity,arima,0.03386612066159161,
LCA,Social,ets,0.00796521509066186,
LCA,Water,arima,0.00022178704461766062,
LKA,Capacity,ets,0.028066719883978842,
LKA,Economic,ets,0.032423704309003674,
LKA,Ecosystems,arima,0.00032063825855938033,
LKA,Exposure,ets,4.4408920985006264e-17,
LKA,Food,ets,0.03500263499423657,
LKA,Governance,arima,0.014341096443035828,
LKA,Habitat,ets,0.008014150569085231,
LKA,Health,arima,0.04504819754637164,
LKA,Infrastructure,ets,0.068480599704504,
LKA,Sensitivity,ets,0.011972796290781528,
LKA,Social,ets,0.00473351536631994,
LKA,Water,arima_shared_order,0.00017294532059667356,"(2, 0, 0)"
LSO,Capacity,ets,0.004191192854685832,
LSO,Economic,ets,0.001941255285061061,
LSO,Ecosystems,arima,0.0006832228361866921,
LSO,Exposure,ets,4.4408920985006264e-17,
LSO,Food,arima_shared_order,0.0030791391544082282,"(2, 0, 0)"
LSO,Governance,ets,0.03380781167932563,
LSO,Habitat,ets,0.00017610043349618464,
LSO,Health,ets,0.013168349903160825,
LSO,Infrastructure,ets,0.005455264673393956,
LSO,Sensitivity,ets,0.0018382924540465862,
LSO,Social,arima,0.001981276468235893,
LSO,Water,arima,0.006415249878166751,
LTU,Capacity,ets,0.013043315227117802,
LTU,Economic,arima,0.014167666849828908,
LTU,Ecosystems,arima_shared_order,0.002205692826251671,"(2, 0, 0)"
LTU,Exposure,ets,6.661338147750939e-17,
LTU,Food,ets,0.0029664805360327786,
LTU,Governance,ets,0.06615172583299625,
LTU,Habitat,ets,0.01890097882091637,
LTU,Health,ets,0.0038459702811739715,
LTU,Infrastructure,arima,0.005654633086657113,
LTU,Sensitivity,ets,0.0029507169402884447,
LTU,Social,arima,0.011567642652415078,
LTU,Water,arima,0.0007570758376315712,
LUX,Capacity,arima,0.0053640388227865436,
LUX,Economic,arima,0.004042062017833692,
LUX,Ecosystems,ets,0.001682703729808477,
LUX,Exposure,ets,5.551115123125783e-17,
LUX,Food,arima_shared_order,0.012846105880963105,"(2, 0, 0)"
LUX,Governance,arima,0.01704286485728331,
LUX,Habitat,ets,0.0010271431598135815,
LUX,Health,ets,0.0006408841646786068,
LUX,Infrastructure,ets,6.661338147750939e-17,
LUX,Sensitivity,ets,0.0012354574284488273,
LUX,Social,arima_shared_order,0.012740932320050757,"(2, 0, 0)"
LUX,Water,arima,0.0005323900906498924,
LVA,Capacity,ets,0.0032941764720023415,
LVA,Economic,arima,0.00674460108381143,
LVA,Ecosystems,ets,0.0031808384781937373,
LVA,Exposure,ets,6.661338147750939e-17,
LVA,Food,ets,0.004132665275053127,
LVA,Governance,ets,0.057849963748583866,
LVA,Habitat,ets,0.005291039387138019,
LVA,Health,ets,0.0008581565426141968,
LVA,Infrastructure,ets,0.008190384757339053,
LVA,Sensitivity,ets,0.003767024061011126,
LVA,Social,ets,0.006034896016247337,
LVA,Water,ets,0.00047959815567502064,
MAR,Capacity,ets,0.0071614174733817485,
MAR,Economic,ets,0.005329310022612044,
MAR,Ecosystems,ets,0.0008496502693900787,
MAR,Exposure,arima,0.0,
MAR,Food,arima,0.002237940595688148,
MAR,Governance,ets,0.024786961647524076,
MAR,Habitat,arima,0.000574332453559434,
MAR,Health,arima_shared_order,0.01010874249667304,"(2, 0, 0)"
MAR,Infrastructure,arima,0.05218868238388448,
MAR,Sensitivity,arima_shared_order,0.004710052797174092,"(2, 0, 0)"
MAR,Social,ets,0.01639483847308796,
MAR,Water,arima_shared_order,0.0016677320880744972,"(2, 0, 0)"
MDA,Capacity,arima,0.0037691244848462755,
MDA,Economic,ets,0.004133133822415691,
MDA,Ecosystems,ets,0.0023586295239450884,
MDA,Exposure,arima,0.0,
MDA,Food,ets,0.002770741340939631,
MDA,Governance,arima,0.04140646384076037,
MDA,Habitat,arima_shared_order,0.007888420573496691,"(2, 0, 1)"
MDA,Health,ets,0.0051699649124183015,
MDA,Infrastructure,arima_shared_order,0.003462291356176872,"(2, 0, 0)"
MDA,Sensitivity,arima_shared_order,0.003777322444191289,"(2, 0, 0)"
MDA,Social,ets,0.020766780289494503,
MDA,Water,ets,0.005890833034389031,
MDG,Capacity,arima,0.004813081760813964,
MDG,Economic,ets,0.0034575981841385326,
MDG,Ecosystems,arima,0.0012948215031987065,
MDG,Exposure,arima,0.0,
MDG,Food,arima_shared_order,0.006205686990252058,"(2, 0, 0)"
MDG,Governance,arima,0.02345886934316439,
MDG,Habitat,arima,0.01107928963699729,
MDG,Health,ets,0.006622490046680296,
MDG,Infrastructure,ets,0.0036715394968323658,
MDG,Sensitivity,ets,0.006531701117099597,
MDG,Social,ets,0.004596924479539033,
MDG,Water,ets,0.0002988368295779753,
MDV,Capacity,arima,0.013589298260562233,
MDV,Economic,ets,0.01637993841419092,
MDV,Ecosystems,arima,0.0003990510032884087,
MDV,Exposure,ets,8.881784197001253e-17,
MDV,Food,arima,0.018822624920079144,
MDV,Governance,arima_shared_order,0.07084007122607791,"(2, 0, 0)"
MDV,Habitat,arima,0.0028920405475440837,
MDV,Health,arima,0.015176372030315678,
MDV,Infrastructure,arima,0.0013317652258445722,
MDV,Sensitivity,arima_shared_order,0.01069330345017334,"(2, 0, 0)"
MDV,Social,arima,0.027815434156275055,
MDV,Water,arima,0.00022178704461766062,
MEX,Capacity,arima,0.005160662886478362,
MEX,Economic,ets,0.011011318324538388,
MEX,Ecosystems,arima,0.0012027848645317252,
MEX,Exposure,ets,6.661338147750939e-17,
MEX,Food,arima_shared_order,0.009062617761192094,"(2, 0, 0)"
MEX,Governance,ets,0.02587321941713803,
MEX,Habitat,arima,0.0005381255315677791,
MEX,Health,ets,0.0011081917356755566,
MEX,Infrastructure,ets,0.009040969580427194,
MEX,Sensitivity,arima,0.0025118525394316527,
MEX,Social,ets,0.0023275586031358485,
MEX,Water,ets,0.000613649462135868,
MHL,Capacity,arima_shared_order,0.002519260361688702,"(2, 0, 0)"
MHL,Economic,arima,0.007348282806466999,
MHL,Ecosystems,arima,0.0011381156122443504,
MHL,Exposure,ets,1.1102230246251565e-16,
MHL,Food,ets,0.00018606251460923096,
MHL,Governance,ets,0.011380293013554088,
MHL,Habitat,arima_shared_order,0.0019256162194932092,"(2, 0, 1)"
MHL,Health,ets,0.0027232595482032497,
MHL,Infrastructure,arima,0.1820136671911182,
MHL,Sensitivity,arima_shared_order,0.0019144643470980771,"(2, 0, 0)"
MHL,Social,ets,0.004689999286753799,
MHL,Water,arima,0.00022178704461766062,
MKD,Capacity,ets,0.0062994381827888414,
MKD,Economic,ets,0.017421346114813573,
MKD,Ecosystems,arima_shared_order,0.0013346342515936026,"(2, 0, 0)"
MKD,Exposure,ets,6.661338147750939e-17,
MKD,Food,arima_shared_order,0.0028534899016841144,"(2, 0, 0)"
MKD,Governance,arima_shared_order,0.016494776365422004,"(2, 0, 0)"
MKD,Habitat,ets,0.007093427008583797,
MKD,Health,arima_shared_order,0.0026983560683370156,"(2, 0, 0)"
MKD,Infrastructure,ets,0.005819920383441046,
MKD,Sensitivity,arima,0.0029548820168345926,
MKD,Social,ets,0.009239540897746323,
MKD,Water,arima,0.008766721677773592,
MLI,Capacity,arima,0.008770086366865248,
MLI,Economic,arima_shared_order,0.012615488815191945,"(2, 0, 0)"
MLI,Ecosystems,ets,0.0019450000039666683,
MLI,Exposure,ets,1.1102230246251565e-16,
MLI,Food,arima,0.010294806704506488,
MLI,Governance,arima_shared_order,0.023549283888144056,"(2, 0, 0)"
MLI,Habitat,arima_shared_order,0.007675892892900804,"(2, 0, 1)"
MLI,Health,arima,0.117252118847754,
MLI,Infrastructure,ets,0.005455264673393956,
MLI,Sensitivity,arima,0.0583444367642749,
MLI,Social,arima_shared_order,0.0055450274311287465,"(2, 0, 0)"
MLI,Water,arima_shared_order,0.00020272268502109504,"(2, 0, 0)"
MLT,Capacity,ets,0.01799892579194897,
MLT,Economic,ets,0.013349322497384075,
MLT,Ecosystems,arima,0.004203330726485222,
MLT,Exposure,ets,6.661338147750939e-17,
MLT,Food,ets,0.009073210586474669,
MLT,Governance,ets,0.07311239345779456,
MLT,Habitat,arima,0.015482785455735892,
MLT,Health,ets,0.0015660618170434183,
MLT,Infrastructure,ets,1.2576607713399302e-05,
MLT,Sensitivity,arima_shared_order,0.005334951254317888,"(2, 0, 0)"
MLT,Social,ets,0.03875495213285944,
MLT,Water,arima,0.002495862877934696,
MMR,Capacity,arima_shared_order,0.00940204630561121,"(2, 0, 0)"
MMR,Economic,ets,0.04038394742521671,
MMR,Ecosystems,arima_shared_order,0.0007482643861208782,"(2, 0, 0)"
MMR,Exposure,ets,1.1102230246251565e-16,
MMR,Food,ets,0.005219615409034639,
MMR,Governance,arima_shared_order,0.045252870112676494,"(2, 0, 0)"
MMR,Habitat,ets,0.012370202770737216,
MMR,Health,ets,0.010602085636586534,
MMR,Infrastructure,arima,0.017049696158880488,
MMR,Sensitivity,ets,0.005493443030146284,
MMR,Social,ets,0.005677087687216998,
MMR,Water,ets,0.0026794585394805835,
MNE,Capacity,ets,0.003079689949122155,
MNE,Economic,arima_shared_order,0.004357308001769211,"(2, 0, 0)"
MNE,Ecosystems,arima,0.0059057445837382375,
MNE,Exposure,ets,0.0,
MNE,Food,ets,0.00781757108200105,
MNE,Governance,ets,0.008538390712451526,
MNE,Habitat,ets,0.007599017606640146,
MNE,Health,arima_shared_order,0.002248935021190357,"(2, 0, 0)"
MNE,Infrastructure,ets,0.007809677602822756,
MNE,Sensitivity,arima_shared_order,0.003616333735025734,"(2, 0, 0)"
MNE,Social,arima_shared_order,0.02629747267665954,"(2, 0, 0)"
MNE,Water,arima,0.0013381240706596964,
MNG,Capacity,ets,0.019348470904659697,
MNG,Economic,ets,0.009192605156550526,
MNG,Ecosystems,ets,1.2102577828798645e-10,
MNG,Exposure,ets,5.551115123125783e-17,
MNG,Food,arima_shared_order,0.0051101769379400365,"(2, 0, 0)"
MNG,Governance,ets,0.006674836160433429,
MNG,Habitat,arima,0.0009556607517045013,
MNG,Health,arima,0.03344002619521054,
MNG,Infrastructure,arima_shared_order,0.09121340772680549,"(2, 0, 0)"
MNG,Sensitivity,arima_shared_order,0.017063486761718878,"(2, 0, 0)"
MNG,Social,ets,0.010302460022402583,
MNG,Water,ets,0.0003733978828671325,
MOZ,Capacity,arima_shared_order,0.0022842071595986944,"(2, 0, 0)"
MOZ,Economic,ets,0.0036842856238291865,
MOZ,Ecosystems,arima,0.0003283765035003494,
MOZ,Exposure,ets,4.4408920985006264e-17,
MOZ,Food,ets,0.007115287162856388,
MOZ,Governance,ets,0.010708316577232724,
MOZ,Habitat,ets,0.0004805515221145473,
MOZ,Health,arima,0.0030362231864303757,
MOZ,Infrastructure,ets,0.0014015039116565986,
MOZ,Sensitivity,ets,0.004970217763937834,
MOZ,Social,arima_shared_order,0.0010488869404388535,"(2, 0, 0)"
MOZ,Water,arima_shared_order,0.0012902542766554449,"(2, 0, 0)"
MRT,Capacity,ets,0.0104822117159461,
MRT,Economic,arima_shared_order,0.016056904637771853,"(2, 0, 0)"
MRT,Ecosystems,arima,0.0005047553872513655,
MRT,Exposure,ets,6.661338147750939e-17,
MRT,Food,arima_shared_order,0.011262011142530115,"(2, 0, 0)"
MRT,Governance,ets,0.008111977649769498,
MRT,Habitat,ets,0.007469873779154557,
MRT,Health,arima_shared_order,0.03414427060600154,"(2, 0, 0)"
MRT,Infrastructure,arima,0.0008978482028797697,
MRT,Sensitivity,arima,0.026850378939709894,
MRT,Social,ets,0.002716160595081529,
MRT,Water,arima_shared_order,3.1497853277140385e-05,"(2, 0, 0)"
MUS,Capacity,ets,0.06023006439179492,
MUS,Economic,ets,0.01085428989051116,
MUS,Ecosystems,ets,0.0028860041000004387,
MUS,Exposure,arima,0.0,
MUS,Food,ets,0.017731050144364935,
MUS,Governance,arima_shared_order,0.03810378081041075,"(2, 0, 0)"
MUS,Habitat,arima_shared_order,0.005356042740464473,"(2, 0, 1)"
MUS,Health,arima,0.008238693532245423,
MUS,Infrastructure,arima_shared_order,0.15255993507630725,"(2, 0, 0)"
MUS,Sensitivity,ets,0.001987012498610685,
MUS,Social,arima,0.010047331413818106,
MUS,Water,ets,0.0005751138533222622,
MWI,Capacity,arima,0.030542066756042142,
MWI,Economic,arima_shared_order,0.006533489544876092,"(2, 0, 0)"
MWI,Ecosystems,ets,0.00014928424595821442,
MWI,Exposure,ets,4.4408920985006264e-17,
MWI,Food,arima,0.009793159308235832,
MWI,Governance,arima,0.029330356202477037,
MWI,Habitat,arima,0.006577981831449586,
MWI,Health,arima,0.010906555562759546,
MWI,Infrastructure,ets,0.005455264673393956,
MWI,Sensitivity,ets,0.004691470161441202,
MWI,Social,ets,0.009556615025423976,
MWI,Water,ets,0.0002543173835541923,
MYS,Capacity,ets,0.03139582623370868,
MYS,Economic,arima,0.047863492732313107,
MYS,Ecosystems,ets,0.0025695023280595587,
MYS,Exposure,ets,0.0,
MYS,Food,arima_shared_order,0.005083999880100054,"(2, 0, 0)"
MYS,Governance,ets,0.014733815968340891,
MYS,Habitat,ets,0.010691095313914711,
MYS,Health,arima,0.0019622595955931634,
MYS,Infrastructure,ets,0.0568554679031817,
MYS,Sensitivity,arima,0.0008598287131843741,
MYS,Social,arima,0.0018320330471621293,
MYS,Water,arima_shared_order,0.0001217267911656661,"(2, 0, 0)"
NAM,Capacity,ets,0.015303140725981578,
NAM,Economic,ets,0.009866652602687797,
NAM,Ecosystems,ets,0.00018747128394008827,
NAM,Exposure,ets,4.4408920985006264e-17,
NAM,Food,arima,0.009026518278874596,
NAM,Governance,ets,0.006573817199795373,
NAM,Habitat,arima,0.0013945456942931367,
NAM,Health,ets,0.00854462432400065,
NAM,Infrastructure,ets,0.08054293220036014,
NAM,Sensitivity,ets,0.004453439781422342,
NAM,Social,arima_shared_order,0.006398018780322002,"(2, 0, 0)"
NAM,Water,ets,0.00010873545343280666,
NER,Capacity,ets,0.0036944721510621783,
NER,Economic,arima,0.031024440772391727,
NER,Ecosystems,ets,0.00022745075482130117,
NER,Exposure,ets,1.1102230246251565e-16,
NER,Food,arima,0.024215975647695353,
NER,Governance,ets,0.006381083079438099,
NER,Habitat,arima,0.006561848680616089,
NER,Health,ets,0.006015241712862829,
NER,Infrastructure,ets,0.008273942059798544,
NER,Sensitivity,ets,0.01254457990134974,
NER,Social,ets,0.0028005941696351623,
NER,Water,ets,0.010955642849097957,
NGA,Capacity,arima,0.007313404875152041,
NGA,Economic,ets,0.0674288230670046,
NGA,Ecosystems,ets,0.00012752644063808162,
NGA,Exposure,ets,0.0,
NGA,Food,arima,0.010369289694487027,
NGA,Governance,ets,0.008873834422723026,
NGA,Habitat,ets,0.0016750232345598803,
NGA,Health,ets,0.010783243485553439,
NGA,Infrastructure,ets,0.002880097435252793,
NGA,Sensitivity,arima_shared_order,0.009986097757505152,"(2, 0, 0)"
NGA,Social,arima_shared_order,0.0017742829773577772,"(2, 0, 0)"
NGA,Water,ets,0.00016871486511177425,
NIC,Capacity,arima_shared_order,0.001417043346878355,"(2, 0, 0)"
NIC,Economic,ets,0.010156045966625426,
NIC,Ecosystems,ets,0.0026024263004479353,
NIC,Exposure,ets,0.0,
NIC,Food,arima_shared_order,0.003328766853759968,"(2, 0, 0)"
NIC,Governance,ets,0.03439190945657942,
NIC,Habitat,arima_shared_order,0.004003268835176011,"(2, 0, 1)"
NIC,Health,ets,0.003810886461549301,
NIC,Infrastructure,arima_shared_order,0.0037133348048132174,"(2, 0, 0)"
NIC,Sensitivity,arima_shared_order,0.004764502047848784,"(2, 0, 0)"
NIC,Social,ets,0.007096037876513051,
NIC,Water,ets,0.0001645672547078647,
NLD,Capacity,arima,0.005256541517361085,
NLD,Economic,arima,0.009296631328571192,
NLD,Ecosystems,arima_shared_order,0.003481678402928867,"(2, 0, 0)"
NLD,Exposure,arima,0.0,
NLD,Food,arima,0.003642706707295329,
NLD,Governance,arima,0.013017009694272798,
NLD,Habitat,arima_shared_order,0.001954585903846684,"(2, 0, 1)"
NLD,Health,ets,0.0008481550241527469,
NLD,Infrastructure,ets,0.018032109016814114,
NLD,Sensitivity,ets,0.009756422925443996,
NLD,Social,arima,0.009538811056129937,
NLD,Water,arima,0.00574894773185095,
NOR,Capacity,ets,0.0029632128986265883,
NOR,Economic,arima,0.004347053418825469,
NOR,Ecosystems,ets,0.0017469520143061136,
NOR,Exposure,arima,0.0,
NOR,Food,ets,0.0010829509703078333,
NOR,Governance,arima_shared_order,0.004541442937024678,"(2, 0, 0)"
NOR,Habitat,arima_shared_order,0.003238166854864466,"(2, 0, 1)"
NOR,Health,ets,0.001112670173275515,
NOR,Infrastructure,arima_shared_order,0.0003214938191951178,"(2, 0, 0)"
NOR,Sensitivity,ets,0.003725715868435503,
NOR,Social,arima_shared_order,0.015027601691225611,"(2, 0, 0)"
NOR,Water,ets,2.5352652627985695e-05,
NPL,Capacity,arima_shared_order,0.010584905049630633,"(2, 0, 0)"
NPL,Economic,arima_shared_order,0.021756460946480715,"(2, 0, 0)"
NPL,Ecosystems,arima,0.0006779898700170151,
NPL,Exposure,arima,0.0,
NPL,Food,ets,0.016556387604194624,
NPL,Governance,arima,0.02474808680559244,
NPL,Habitat,ets,0.0018321581541343225,
NPL,Health,ets,0.00974594762846932,
NPL,Infrastructure,arima,0.04237711445992962,
NPL,Sensitivity,ets,0.007183915138800678,
NPL,Social,ets,0.0006659973570433575,
NPL,Water,ets,0.0015905160475842895,
NZL,Capacity,arima,0.0009300948071179315,
NZL,Economic,arima_shared_order,0.012239020825488955,"(2, 0, 0)"
NZL,Ecosystems,arima,0.0006341654933325503,
NZL,Exposure,ets,4.4408920985006264e-17,
NZL,Food,arima_shared_order,0.0023191045521357644,"(2, 0, 0)"
NZL,Governance,arima_shared_order,0.007996375817651266,"(2, 0, 0)"
NZL,Habitat,arima,0.000530555555719281,
NZL,Health,ets,0.00200737718128442,
NZL,Infrastructure,arima_shared_order,0.0018508732994670818,"(2, 0, 0)"
NZL,Sensitivity,ets,0.0016298842100359201,
NZL,Social,arima_shared_order,0.20463293640653563,"(2, 0, 0)"
NZL,Water,ets,0.0016292385926421405,
OMN,Capacity,arima,0.0029439595782303485,
OMN,Economic,arima,0.011525177009707111,
OMN,Ecosystems,ets,0.003797450405222369,
OMN,Exposure,arima,0.0,
OMN,Food,ets,0.003686884436461557,
OMN,Governance,ets,0.023836556358515216,
OMN,Habitat,arima,0.012703463868399956,
OMN,Health,ets,0.0017019275360434793,
OMN,Infrastructure,ets,4.3864723386743965e-05,
OMN,Sensitivity,arima,0.005383805562168886,
OMN,Social,ets,0.013737804687643185,
OMN,Water,ets,0.0002294435329415423,
PAK,Capacity,ets,0.038250949222215544,
PAK,Economic,arima,0.07239241511250356,
PAK,Ecosystems,ets,0.0011561936928614846,
PAK,Exposure,ets,0.0,
PAK,Food,arima,0.006375971416875914,
PAK,Governance,arima_shared_order,0.021121496326784374,"(2, 0, 0)"
PAK,Habitat,arima,0.012149407136997071,
PAK,Health,ets,0.01859910302493375,
PAK,Infrastructure,ets,0.05689739379527453,
PAK,Sensitivity,arima,0.011031120016132611,
PAK,Social,ets,0.008020933905240234,
PAK,Water,ets,0.0003331306459017247,
PAN,Capacity,ets,0.0013883609666608065,
PAN,Economic,arima_shared_order,0.006233614457088077,"(2, 0, 0)"
PAN,Ecosystems,arima,0.002192828236005584,
PAN,Exposure,arima,0.0,
PAN,Food,arima_shared_order,0.008348397466358048,"(2, 0, 0)"
PAN,Governance,ets,0.012003496800194169,
PAN,Habitat,ets,0.0005792136975329542,
PAN,Health,ets,0.0016340064042589697,
PAN,Infrastructure,ets,0.0010208418570534894,
PAN,Sensitivity,arima_shared_order,0.0058176205801299345,"(2, 0, 0)"
PAN,Social,arima,0.01289323935536768,
PAN,Water,ets,0.0004910704749116979,
PER,Capacity,ets,0.020129961527142838,
PER,Economic,arima_shared_order,0.004320831267234771,"(2, 0, 0)"
PER,Ecosystems,ets,0.0008232532770046319,
PER,Exposure,ets,0.0,
PER,Food,arima_shared_order,0.0012892798126106885,"(2, 0, 0)"
PER,Governance,ets,0.023128106763484778,
PER,Habitat,arima_shared_order,0.009073219072684902,"(2, 0, 1)"
PER,Health,ets,0.0014764997712844786,
PER,Infrastructure,ets,0.023890438890492458,
PER,Sensitivity,arima_shared_order,0.0023328664275011567,"(2, 0, 0)"
PER,Social,ets,0.003279272318361892,
PER,Water,ets,0.00010931169177268441,
PHL,Capacity,ets,0.043722498640100894,
PHL,Economic,ets,0.007787354918116063,
PHL,Ecosystems,ets,0.0007335880954371876,
PHL,Exposure,arima,0.0,
PHL,Food,ets,0.0014556372926044947,
PHL,Governance,arima_shared_order,0.007647570071045861,"(2, 0, 0)"
PHL,Habitat,ets,0.00879450006578406,
PHL,Health,ets,0.007390269040139519,
PHL,Infrastructure,arima_shared_order,0.0806673812350073,"(2, 0, 0)"
PHL,Sensitivity,arima_shared_order,0.005021687661779561,"(2, 0, 0)"
PHL,Social,arima,0.027970156082480747,
PHL,Water,ets,0.002252796873347318,
PLW,Capacity,arima_shared_order,0.002519260361688702,"(2, 0, 0)"
PLW,Economic,arima,0.01231837551931907,
PLW,Ecosystems,arima,0.0011381156122443504,
PLW,Exposure,ets,1.1102230246251565e-16,
PLW,Food,ets,0.004588340331438035,
PLW,Governance,ets,0.009561305282426902,
PLW,Habitat,ets,0.00018419999171472856,
PLW,Health,arima_shared_order,0.008831169445573672,"(2, 0, 0)"
PLW,Infrastructure,arima_shared_order,0.0005250859107965189,"(2, 0, 0)"
PLW,Sensitivity,arima_shared_order,0.0019144643470980771,"(2, 0, 0)"
PLW,Social,arima_shared_order,0.01238630548207198,"(2, 0, 0)"
PLW,Water,arima,0.00022178704461766062,
PNG,Capacity,arima,0.054470210230591884,
PNG,Economic,arima,0.02059420284585727,
PNG,Ecosystems,arima_shared_order,0.0012047496678237568,"(2, 0, 0)"
PNG,Exposure,ets,6.661338147750939e-17,
PNG,Food,ets,0.0035322886367281426,
PNG,Governance,arima,0.025475402879811003,
PNG,Habitat,arima_shared_order,0.02276270015265578,"(2, 0, 1)"
PNG,Health,ets,0.056814265683023835,
PNG,Infrastructure,ets,0.0212598340671872,
PNG,Sensitivity,arima,0.027633399629692357,
PNG,Social,ets,0.0039766169465239145,
PNG,Water,ets,0.00022417569637556145,
POL,Capacity,ets,0.00252769320860593,
POL,Economic,arima_shared_order,0.02049631788288876,"(2, 0, 0)"
POL,Ecosystems,arima,0.001494288846569458,
POL,Exposure,arima,0.0,
POL,Food,arima,0.0017089072552752883,
POL,Governance,ets,0.005721631988559961,
POL,Habitat,arima,0.0026084229059034182,
POL,Health,ets,0.009453059982330125,
POL,Infrastructure,arima,0.004085850200765478,
POL,Sensitivity,arima_shared_order,0.007261908938122836,"(2, 0, 0)"
POL,Social,arima,0.005610958341874172,
POL,Water,arima_shared_order,0.0013058449446566756,"(2, 0, 0)"
PRK,Capacity,arima,0.022006007183182952,
PRK,Economic,arima,0.0006162301638132472,
PRK,Ecosystems,arima_shared_order,0.0019007303830446132,"(2, 0, 0)"
PRK,Exposure,ets,1.1102230246251565e-16,
PRK,Food,arima,0.04177925965889105,
PRK,Governance,ets,0.0127067002216108,
PRK,Habitat,arima_shared_order,0.003866222520907203,"(2, 0, 1)"
PRK,Health,arima_shared_order,0.0021039031177969903,"(2, 0, 0)"
PRK,Infrastructure,ets,0.006390695517497746,
PRK,Sensitivity,arima,0.001448194004140968,
PRK,Social,ets,0.002693348624826597,
PRK,Water,ets,0.00016612129352533422,
PRT,Capacity,arima,0.009420243908646453,
PRT,Economic,arima_shared_order,0.006167975888311306,"(2, 0, 0)"
PRT,Ecosystems,arima,0.0023425738062256896,
PRT,Exposure,ets,4.4408920985006264e-17,
PRT,Food,arima_shared_order,0.0071197484460350235,"(2, 0, 0)"
PRT,Governance,ets,0.005359887307881317,
PRT,Habitat,arima_shared_order,0.0008946319063758978,"(2, 0, 1)"
PRT,Health,arima,0.00767214036078348,
PRT,Infrastructure,ets,0.017454819444824337,
PRT,Sensitivity,ets,0.002457129593960694,
PRT,Social,ets,0.00580047966642534,
PRT,Water,arima,0.0005621371496759453,
PRY,Capacity,ets,0.0033401677679586127,
PRY,Economic,arima,0.009017557781228657,
PRY,Ecosystems,arima,0.0013699086987546739,
PRY,Exposure,ets,0.0,
PRY,Food,ets,0.0017041150571215579,
PRY,Governance,arima_shared_order,0.011788103522991844,"(2, 0, 0)"
PRY,Habitat,arima,0.0022567315150489264,
PRY,Health,ets,0.0026286295925783574,
PRY,Infrastructure,arima_shared_order,0.006901066261326338,"(2, 0, 0)"
PRY,Sensitivity,arima_shared_order,0.0024166271339700505,"(2, 0, 0)"
PRY,Social,arima,0.00957101895025252,
PRY,Water,arima,0.0005432373143871461,
QAT,Capacity,ets,0.0032170371638607586,
QAT,Economic,ets,0.011744614514037443,
QAT,Ecosystems,arima,0.009630755338332731,
QAT,Exposure,ets,5.551115123125783e-17,
QAT,Food,arima_shared_order,0.0012698219049991689,"(2, 0, 0)"
QAT,Governance,arima,0.008580198721417442,
QAT,Habitat,ets,0.015808692120532365,
QAT,Health,ets,0.0012490119677606604,
QAT,Infrastructure,ets,1.2231378686278216e-05,
QAT,Sensitivity,ets,0.005973592043511744,
QAT,Social,ets,0.024053637288317643,
QAT,Water,arima,0.00022781515119529305,
ROU,Capacity,arima_shared_order,0.002620017576782885,"(2, 0, 0)"
ROU,Economic,arima,0.004795471820979058,
ROU,Ecosystems,arima,0.0012181224907269583,
ROU,Exposure,ets,0.0,
ROU,Food,ets,0.004692667546085915,
ROU,Governance,arima,0.0008710035779979641,
ROU,Habitat,ets,0.0027303503758651427,
ROU,Health,arima_shared_order,0.006163338881601777,"(2, 0, 0)"
ROU,Infrastructure,arima_shared_order,0.005889789882770969,"(2, 0, 0)"
ROU,Sensitivity,arima_shared_order,0.013972980642007315,"(2, 0, 0)"
ROU,Social,arima_shared_order,0.013385811120977564,"(2, 0, 0)"
ROU,Water,arima_shared_order,0.002367118560735981,"(2, 0, 0)"
RUS,Capacity,arima,0.00355856218312689,
RUS,Economic,ets,0.014103775382239014,
RUS,Ecosystems,arima_shared_order,0.0037492491867502477,"(2, 0, 0)"
RUS,Exposure,ets,0.0,
RUS,Food,ets,0.0014360071526892005,
RUS,Governance,arima,0.01320963749805477,
RUS,Habitat,arima_shared_order,0.005732910944488157,"(2, 0, 1)"
RUS,Health,arima_shared_order,0.013716052435589387,"(2, 0, 0)"
RUS,Infrastructure,ets,0.0035348913634353748,
RUS,Sensitivity,arima_shared_order,0.0018734539090645818,"(2, 0, 0)"
RUS,Social,arima,0.030647130438215466,
RUS,Water,ets,9.364583653330705e-05,
RWA,Capacity,ets,0.005537631938126486,
RWA,Economic,ets,0.007533748060841783,
RWA,Ecosystems,ets,0.00015037616543287503,
RWA,Exposure,ets,1.3322676295501878e-16,
RWA,Food,ets,0.007536311936886664,
RWA,Governance,arima,0.020333704574489585,
RWA,Habitat,ets,0.003735207234587601,
RWA,Health,arima,0.0019953919521207954,
RWA,Infrastructure,ets,0.005455264673393956,
RWA,Sensitivity,ets,0.004125651844017353,
RWA,Social,ets,0.005410399894931905,
RWA,Water,arima_shared_order,0.0004471270682766981,"(2, 0, 0)"
SAU,Capacity,arima_shared_order,0.04771320791169344,"(2, 0, 0)"
SAU,Economic,ets,0.06975694503103688,
SAU,Ecosystems,arima_shared_order,0.005669815330167605,"(2, 0, 0)"
SAU,Exposure,ets,4.4408920985006264e-17,
SAU,Food,arima_shared_order,0.0030006121411660924,"(2, 0, 0)"
SAU,Governance,ets,0.014449186684825477,
SAU,Habitat,ets,0.031877199985754376,
SAU,Health,ets,0.0008112063200880537,
SAU,Infrastructure,arima_shared_order,0.07133957299428897,"(2, 0, 0)"
SAU,Sensitivity,arima,0.0058274780321431515,
SAU,Social,arima_shared_order,0.012571439582704014,"(2, 0, 0)"
SAU,Water,ets,6.457397363035522e-05,
SDN,Capacity,ets,0.04073737149789967,
SDN,Economic,ets,0.004965559885484749,
SDN,Ecosystems,arima,0.0021098182213276527,
SDN,Exposure,ets,1.1102230246251565e-16,
SDN,Food,ets,0.002150112688048611,
SDN,Governance,arima_shared_order,0.016056086803623516,"(2, 0, 0)"
SDN,Habitat,ets,0.0036519968923491852,
SDN,Health,arima_shared_order,0.03136600595570453,"(2, 0, 0)"
SDN,Infrastructure,ets,0.05693721701787435,
SDN,Sensitivity,arima,0.01846910188722082,
SDN,Social,arima,0.0028252386662684257,
SDN,Water,ets,0.0007814244100308176,
SEN,Capacity,arima,0.0024819977112908063,
SEN,Economic,arima_shared_order,0.003990413051313068,"(2, 0, 0)"
SEN,Ecosystems,ets,0.0002278190838908234,
SEN,Exposure,ets,1.1102230246251565e-16,
SEN,Food,ets,0.005207504036142651,
SEN,Governance,ets,0.011619059479932558,
SEN,Habitat,ets,0.0015858415931852665,
SEN,Health,arima,0.009739941908376171,
SEN,Infrastructure,ets,0.0065794414542247,
SEN,Sensitivity,arima,0.004570093397849051,
SEN,Social,ets,0.005568083956415703,
SEN,Water,arima,0.0034868353013211228,
SGP,Capacity,arima_shared_order,0.0068299660825479665,"(2, 0, 0)"
SGP,Economic,arima,0.01490138452615381,
SGP,Ecosystems,arima_shared_order,0.0029402839932643476,"(2, 0, 0)"
SGP,Exposure,ets,1.1102230246251565e-16,
SGP,Food,ets,0.004201075836216639,
SGP,Governance,ets,0.005859732863152644,
SGP,Habitat,arima,0.012389022413838569,
SGP,Health,arima,0.0016515831004426218,
SGP,Infrastructure,ets,4.4438975699279126e-07,
SGP,Sensitivity,arima_shared_order,0.001807095331911046,"(2, 0, 0)"
SGP,Social,ets,0.004383104070608779,
SGP,Water,arima,0.007340137923030288,
SLB,Capacity,arima,0.03118021775264044,
SLB,Economic,arima,0.007814530888140969,
SLB,Ecosystems,ets,0.0002525379176591791,
SLB,Exposure,ets,1.1102230246251565e-16,
SLB,Food,arima_shared_order,0.0026177009547281973,"(2, 0, 0)"
SLB,Governance,arima_shared_order,0.028868526424468556,"(2, 0, 0)"
SLB,Habitat,ets,0.008992653177249977,
SLB,Health,ets,0.01899791061274514,
SLB,Infrastructure,arima_shared_order,0.0717877313593374,"(2, 0, 0)"
SLB,Sensitivity,ets,0.005633580186343123,
SLB,Social,ets,0.0010409177758682997,
SLB,Water,arima,0.00022178704461766062,
SLE,Capacity,ets,0.0030689444756477834,
SLE,Economic,ets,0.003489511656431343,
SLE,Ecosystems,arima_shared_order,0.0023796712520119502,"(2, 0, 0)"
SLE,Exposure,arima,0.0,
SLE,Food,arima_shared_order,0.0017356663891281876,"(2, 0, 0)"
SLE,Governance,ets,0.02812441746618477,
SLE,Habitat,arima,0.0022579389198559285,
SLE,Health,arima,0.006884997628544531,
SLE,Infrastructure,ets,0.005455264673393956,
SLE,Sensitivity,arima,0.0036372584464598344,
SLE,Social,ets,0.001439372296362662,
SLE,Water,ets,9.781068991230324e-05,
SLV,Capacity,arima_shared_order,0.005186705175247819,"(2, 0, 0)"
SLV,Economic,arima,0.010217220364176605,
SLV,Ecosystems,arima,0.0010776729599251355,
SLV,Exposure,ets,4.4408920985006264e-17,
SLV,Food,arima,0.006767245838536706,
SLV,Governance,arima_shared_order,0.008128810680399967,"(2, 0, 0)"
SLV,Habitat,ets,0.0018345494620910063,
SLV,Health,arima_shared_order,0.003681582680716855,"(2, 0, 0)"
SLV,Infrastructure,ets,0.007001879389830689,
SLV,Sensitivity,arima,0.0015571442966937688,
SLV,Social,ets,0.0019132853304857367,
SLV,Water,ets,8.028397360400063e-05,
SOM,Capacity,arima,0.0040459497106268396,
SOM,Economic,arima,0.010899337308565061,
SOM,Ecosystems,ets,0.0005005296684209793,
SOM,Exposure,ets,1.1102230246251565e-16,
SOM,Food,ets,0.0004928473977010128,
SOM,Governance,arima,0.018536553589891525,
SOM,Habitat,arima,0.0002276930350304296,
SOM,Health,arima_shared_order,0.0006319137418177468,"(2, 0, 0)"
SOM,Infrastructure,arima,0.003533167733632381,
SOM,Sensitivity,arima,0.000177264178708203,
SOM,Social,ets,0.0010409177758682997,
SOM,Water,ets,1.1464162952279366e-11,
SRB,Capacity,ets,0.012733075650013049,
SRB,Economic,arima_shared_order,0.04707774459683252,"(2, 0, 0)"
SRB,Ecosystems,arima,0.001643609316268102,
SRB,Exposure,ets,5.551115123125783e-17,
SRB,Food,arima,0.0032106362717688962,
SRB,Governance,arima,0.005474264361627568,
SRB,Habitat,ets,0.012181678967122666,
SRB,Health,ets,0.0024006522279843125,
SRB,Infrastructure,arima,0.03322643826227737,
SRB,Sensitivity,ets,0.0054490553531363565,
SRB,Social,ets,0.003666423950903508,
SRB,Water,arima,0.0020418420103302526,
STP,Capacity,ets,0.0018119373966281715,
STP,Economic,ets,0.008097158461948006,
STP,Ecosystems,ets,0.0025459076052623654,
STP,Exposure,ets,0.0,
STP,Food,ets,0.007329917370612571,
STP,Governance,ets,0.027086800517403732,
STP,Habitat,arima_shared_order,0.002920121965222644,"(2, 0, 1)"
STP,Health,arima,0.0010172420632797996,
STP,Infrastructure,ets,0.005455264673393956,
STP,Sensitivity,arima_shared_order,0.004959359311564426,"(2, 0, 0)"
STP,Social,ets,0.051951795591944475,
STP,Water,ets,0.0011021372327273626,
SUR,Capacity,ets,0.0022342931426377667,
SUR,Economic,ets,0.005974871235854673,
SUR,Ecosystems,ets,8.627747574876387e-05,
SUR,Exposure,ets,6.661338147750939e-17,
SUR,Food,arima_shared_order,0.002386139951586186,"(2, 0, 0)"
SUR,Governance,arima_shared_order,0.05331842264987017,"(2, 0, 0)"
SUR,Habitat,arima_shared_order,0.00045322167245562814,"(2, 0, 1)"
SUR,Health,ets,0.006124493415609289,
SUR,Infrastructure,ets,0.003980606637206885,
SUR,Sensitivity,arima,0.0051665229076305885,
SUR,Social,ets,0.00832685236860171,
SUR,Water,ets,0.00039751833104257337,
SVK,Capacity,ets,0.005815217731414679,
SVK,Economic,arima,0.002666736774790501,
SVK,Ecosystems,arima,0.0036240494968579396,
SVK,Exposure,arima,0.0,
SVK,Food,ets,0.0011314246330622723,
SVK,Governance,ets,0.014313224897158316,
SVK,Habitat,ets,0.004892520424614799,
SVK,Health,arima_shared_order,0.00039380283680708896,"(2, 0, 0)"
SVK,Infrastructure,ets,0.012725061668295479,
SVK,Sensitivity,arima,0.00608720572896404,
SVK,Social,arima_shared_order,0.006729856867535311,"(2, 0, 0)"
SVK,Water,ets,0.0001107467097688275,
SVN,Capacity,arima,0.0027184697856004305,
SVN,Economic,arima_shared_order,0.01079309000287999,"(2, 0, 0)"
SVN,Ecosystems,arima,0.00332450390723541,
SVN,Exposure,ets,6.661338147750939e-17,
SVN,Food,arima,0.00315862879494021,
SVN,Governance,ets,0.010273989409586803,
SVN,Habitat,arima,0.0006850958444032495,
SVN,Health,arima_shared_order,0.0005052409911677214,"(2, 0, 0)"
SVN,Infrastructure,arima_shared_order,0.0067087728304158325,"(2, 0, 0)"
SVN,Sensitivity,ets,0.0023526824926895064,
SVN,Social,arima,0.0036357550042068754,
SVN,Water,ets,0.0014801421184904794,
SWE,Capacity,ets,0.0019319514959436402,
SWE,Economic,arima,0.005864100320830223,
SWE,Ecosystems,ets,0.0017429295201770833,
SWE,Exposure,arima,0.0,
SWE,Food,arima_shared_order,0.0019893556822680016,"(2, 0, 0)"
SWE,Governance,ets,0.017344112431833116,
SWE,Habitat,ets,0.0007738845393697291,
SWE,Health,arima_shared_order,0.0007367347986856787,"(2, 0, 0)"
SWE,Infrastructure,ets,0.006274294324289764,
SWE,Sensitivity,arima_shared_order,0.002733682266862547,"(2, 0, 0)"
SWE,Social,arima,0.005967747055396755,
SWE,Water,arima_shared_order,0.0010397510777084451,"(2, 0, 0)"
SWZ,Capacity,ets,0.008270091414125335,
SWZ,Economic,ets,0.012164248322502647,
SWZ,Ecosystems,arima,0.0010619442874270969,
SWZ,Exposure,ets,6.661338147750939e-17,
SWZ,Food,ets,0.0019288089310954826,
SWZ,Governance,ets,0.07140587342695477,
SWZ,Habitat,ets,0.00033321565849696587,
SWZ,Health,arima,0.01734006147788849,
SWZ,Infrastructure,ets,0.024118152124972248,
SWZ,Sensitivity,ets,0.014884122195047167,
SWZ,Social,ets,0.0012753075511911626,
SWZ,Water,arima,0.00013947310572914873,
SYC,Capacity,arima,0.005425713175899427,
SYC,Economic,ets,0.0018730930869493845,
SYC,Ecosystems,ets,0.0017278175986470857,
SYC,Exposure,ets,1.1102230246251565e-16,
SYC,Food,ets,0.012655411175536768,
SYC,Governance,ets,0.13736240522622553,
SYC,Habitat,arima,0.0015361881145115274,
SYC,Health,arima,0.009353788369715833,
SYC,Infrastructure,ets,0.005455264673393956,
SYC,Sensitivity,ets,0.008460716854111395,
SYC,Social,arima_shared_order,0.010116089005812156,"(2, 0, 0)"
SYC,Water,arima,0.00022178704461766062,
SYR,Capacity,ets,0.004745220213203205,
SYR,Economic,ets,0.021910059337842958,
SYR,Ecosystems,ets,0.0009207161142653853,
SYR,Exposure,ets,4.4408920985006264e-17,
SYR,Food,arima,0.0029106020168629954,
SYR,Governance,ets,0.007832217126905539,
SYR,Habitat,arima,0.01763300389313286,
SYR,Health,ets,0.047174553662913885,
SYR,Infrastructure,arima_shared_order,0.009118667667651487,"(2, 0, 0)"
SYR,Sensitivity,ets,0.013329340195706718,
SYR,Social,arima_shared_order,0.006220757799894972,"(2, 0, 0)"
SYR,Water,arima_shared_order,0.002289524895175532,"(2, 0, 0)"
TCD,Capacity,ets,0.013316698571474505,
TCD,Economic,arima,0.008570190909669683,
TCD,Ecosystems,arima_shared_order,0.002294788787570434,"(2, 0, 0)"
TCD,Exposure,ets,1.1102230246251565e-16,
TCD,Food,ets,0.028399573059625927,
TCD,Governance,ets,0.007987382319605985,
TCD,Habitat,ets,0.0018327539751613608,
TCD,Health,arima,0.017885353159199945,
TCD,Infrastructure,ets,0.005455264673393956,
TCD,Sensitivity,arima,0.009196145811830925,
TCD,Social,ets,0.0022363656907597785,
TCD,Water,ets,2.734018646863845e-05,
TGO,Capacity,ets,0.007042593866756763,
TGO,Economic,ets,0.07523086768997558,
TGO,Ecosystems,ets,0.0005541179314904277,
TGO,Exposure,ets,6.661338147750939e-17,
TGO,Food,ets,0.005364622802855679,
TGO,Governance,ets,0.012001619524724162,
TGO,Habitat,arima,0.0018640591379668115,
TGO,Health,arima_shared_order,0.018134017810107882,"(2, 0, 0)"
TGO,Infrastructure,ets,0.010627235742674091,
TGO,Sensitivity,ets,0.014071111253851765,
TGO,Social,ets,0.013315847504543376,
TGO,Water,ets,0.0011330879973892704,
THA,Capacity,ets,0.011726228931571625,
THA,Economic,ets,0.009022720819490493,
THA,Ecosystems,ets,0.0011806270904233807,
THA,Exposure,ets,4.4408920985006264e-17,
THA,Food,arima_shared_order,0.0040616867752383936,"(2, 0, 0)"
THA,Governance,ets,0.0029907463925569868,
THA,Habitat,arima_shared_order,0.00821432586202735,"(2, 0, 1)"
THA,Health,ets,0.0021983865965047754,
THA,Infrastructure,arima,0.006788576535852897,
THA,Sensitivity,ets,0.0037393883668479953,
THA,Social,ets,0.007002793826644238,
THA,Water,arima_shared_order,3.679657870059305e-05,"(2, 0, 0)"
TJK,Capacity,ets,0.004620304751803217,
TJK,Economic,ets,0.0018772639867808082,
TJK,Ecosystems,ets,0.0011835996711482498,
TJK,Exposure,ets,6.661338147750939e-17,
TJK,Food,arima_shared_order,0.004769886693982317,"(2, 0, 0)"
TJK,Governance,ets,0.01777323024792308,
TJK,Habitat,ets,0.0035949714700818204,
TJK,Health,arima,0.01616129168627629,
TJK,Infrastructure,arima,0.05952304725267693,
TJK,Sensitivity,arima_shared_order,0.01961556321878285,"(2, 0, 0)"
TJK,Social,ets,0.006609873339146355,
TJK,Water,ets,0.0009045990659036551,
TKM,Capacity,arima_shared_order,0.0009388983899361603,"(2, 0, 0)"
TKM,Economic,arima,0.0006162301638132472,
TKM,Ecosystems,arima_shared_order,0.004433130340084024,"(2, 0, 0)"
TKM,Exposure,ets,5.551115123125783e-17,
TKM,Food,ets,0.005260987550344565,
TKM,Governance,ets,0.0037143935108351124,
TKM,Habitat,arima_shared_order,0.0040231812331358195,"(2, 0, 1)"
TKM,Health,ets,0.0012013126921787466,
TKM,Infrastructure,arima_shared_order,0.00013629999377404167,"(2, 0, 0)"
TKM,Sensitivity,arima_shared_order,0.0010048046429398272,"(2, 0, 0)"
TKM,Social,ets,0.004114744712107177,
TKM,Water,arima,0.0007274068470745632,
TLS,Capacity,arima_shared_order,0.002519260361688702,"(2, 0, 0)"
TLS,Economic,ets,0.01665684373368905,
TLS,Ecosystems,ets,0.0033102946129022204,
TLS,Exposure,ets,1.3322676295501878e-16,
TLS,Food,ets,0.009403331988255137,
TLS,Governance,arima,0.0008710035779979641,
TLS,Habitat,ets,0.000697373308652205,
TLS,Health,arima,0.021972343703802345,
TLS,Infrastructure,ets,0.005455264673393956,
TLS,Sensitivity,arima_shared_order,0.014829038745442303,"(2, 0, 0)"
TLS,Social,arima_shared_order,0.0033340774969366827,"(2, 0, 0)"
TLS,Water,ets,0.0,
TON,Capacity,ets,0.019604129460616692,
TON,Economic,arima,0.0023012617768785716,
TON,Ecosystems,ets,0.0018234737890236996,
TON,Exposure,ets,1.1102230246251565e-16,
TON,Food,ets,0.001984752162780379,
TON,Governance,arima_shared_order,0.03866680345593461,"(2, 0, 0)"
TON,Habitat,ets,0.0007632210032100017,
TON,Health,ets,0.013723135953429954,
TON,Infrastructure,ets,0.0410979769600057,
TON,Sensitivity,arima_shared_order,0.010714880592845666,"(2, 0, 0)"
TON,Social,ets,0.03374340882999656,
TON,Water,arima,0.00022178704461766062,
TTO,Capacity,arima,0.019491225503427568,
TTO,Economic,ets,0.007199782857299275,
TTO,Ecosystems,arima_shared_order,0.009185935313654636,"(2, 0, 0)"
TTO,Exposure,ets,6.661338147750939e-17,
TTO,Food,arima,0.06104960821639248,
TTO,Governance,arima,0.020478883073012023,
TTO,Habitat,arima,0.0032816098681905602,
TTO,Health,arima_shared_order,0.002714295702085823,"(2, 0, 0)"
TTO,Infrastructure,arima_shared_order,0.027413673082895246,"(2, 0, 0)"
TTO,Sensitivity,ets,0.004421162108911997,
TTO,Social,ets,0.006864139295621375,
TTO,Water,ets,0.0002067485309848349,
TUN,Capacity,arima,0.002105301353566036,
TUN,Economic,ets,0.013252790043638019,
TUN,Ecosystems,ets,0.0013495349210973617,
TUN,Exposure,ets,6.661338147750939e-17,
TUN,Food,arima_shared_order,0.0014070503297039072,"(2, 0, 0)"
TUN,Governance,arima,0.022390493505782528,
TUN,Habitat,ets,0.0018045008630541593,
TUN,Health,arima_shared_order,0.008496522733698575,"(2, 0, 0)"
TUN,Infrastructure,arima_shared_order,0.005686757720617918,"(2, 0, 0)"
TUN,Sensitivity,ets,0.0031287418446066307,
TUN,Social,ets,0.001039519346606488,
TUN,Water,ets,0.0023223503075547325,
TUR,Capacity,ets,0.005045013331412373,
TUR,Economic,ets,0.040115814747483734,
TUR,Ecosystems,arima,0.0005573825292439661,
TUR,Exposure,ets,5.551115123125783e-17,
TUR,Food,arima,0.001567415653831672,
TUR,Governance,ets,0.011973683047975924,
TUR,Habitat,arima,0.0027249450393710627,
TUR,Health,ets,0.00325992224733358,
TUR,Infrastructure,arima,0.0031862308273613916,
TUR,Sensitivity,arima,0.0005127803666676201,
TUR,Social,arima,0.035831697103920625,
TUR,Water,arima_shared_order,0.0018093290130343441,"(2, 0, 0)"
TZA,Capacity,arima_shared_order,0.006331041462709419,"(2, 0, 0)"
TZA,Economic,ets,0.008365093106296028,
TZA,Ecosystems,arima_shared_order,0.0004897118373336174,"(2, 0, 0)"
TZA,Exposure,arima,0.0,
TZA,Food,ets,0.004906928334401872,
TZA,Governance,ets,0.015458433265005267,
TZA,Habitat,arima_shared_order,0.0011848109334416934,"(2, 0, 1)"
TZA,Health,ets,0.0053792256803110615,
TZA,Infrastructure,arima_shared_order,0.017072415362789382,"(2, 0, 0)"
TZA,Sensitivity,ets,0.0022794604158363763,
TZA,Social,ets,0.004764743525222737,
TZA,Water,arima_shared_order,0.0004933716172684898,"(2, 0, 0)"
UGA,Capacity,arima,0.006600119716681663,
UGA,Economic,ets,0.007555561598759653,
UGA,Ecosystems,arima_shared_order,0.0004665098136364731,"(2, 0, 0)"
UGA,Exposure,ets,6.661338147750939e-17,
UGA,Food,arima_shared_order,0.004565793547897124,"(2, 0, 0)"
UGA,Governance,ets,0.009328600382690056,
UGA,Habitat,arima_shared_order,0.001911791800175755,"(2, 0, 1)"
UGA,Health,ets,0.0008753930350721805,
UGA,Infrastructure,arima,0.017424354704692124,
UGA,Sensitivity,ets,0.006018308157512242,
UGA,Social,ets,0.0032460741351592716,
UGA,Water,arima_shared_order,0.00021576559355791504,"(2, 0, 0)"
UKR,Capacity,ets,0.0056985186893088405,
UKR,Economic,arima,0.04258149686722619,
UKR,Ecosystems,ets,0.001527703954868298,
UKR,Exposure,arima,0.0,
UKR,Food,ets,0.007312851761106543,
UKR,Governance,ets,0.03301396069537292,
UKR,Habitat,arima,0.005694340180208058,
UKR,Health,arima_shared_order,0.0021577818843862896,"(2, 0, 0)"
UKR,Infrastructure,ets,0.004593017406310207,
UKR,Sensitivity,ets,0.0034158636013245313,
UKR,Social,arima,0.009001706555922084,
UKR,Water,arima,0.005197914120751546,
URY,Capacity,arima,0.032497983039688226,
URY,Economic,arima,0.0057091440161446405,
URY,Ecosystems,ets,4.3461677531131394e-05,
URY,Exposure,arima,0.0,
URY,Food,arima,0.0024365390173610724,
URY,Governance,ets,0.05669299000583326,
URY,Habitat,arima,0.009671836371123121,
URY,Health,arima,0.012465532546466197,
URY,Infrastructure,ets,0.0399942156288674,
URY,Sensitivity,arima_shared_order,0.004585895756454428,"(2, 0, 0)"
URY,Social,ets,0.005606435700487089,
URY,Water,ets,1.1130278920745696e-10,
USA,Capacity,arima_shared_order,0.007479035830786168,"(2, 0, 0)"
USA,Economic,arima_shared_order,0.0066534476925183775,"(2, 0, 0)"
USA,Ecosystems,arima,0.0007372260176814916,
USA,Exposure,ets,6.661338147750939e-17,
USA,Food,arima,0.0012490946607912946,
USA,Governance,ets,0.038565501276511906,
USA,Habitat,ets,0.0004037110158356727,
USA,Health,arima_shared_order,0.003350415737770751,"(2, 0, 0)"
USA,Infrastructure,arima_shared_order,0.018011817292867466,"(2, 0, 0)"
USA,Sensitivity,arima,0.0008557807056128963,
USA,Social,arima_shared_order,0.002397520056710134,"(2, 0, 0)"
USA,Water,arima,0.00012272824275431083,
UZB,Capacity,arima,0.0003942646580624487,
UZB,Economic,arima_shared_order,0.028555081002656368,"(2, 0, 0)"
UZB,Ecosystems,ets,0.0028859221851005312,
UZB,Exposure,ets,6.661338147750939e-17,
UZB,Food,arima_shared_order,0.004509092980405538,"(2, 0, 0)"
UZB,Governance,ets,0.04155776176823998,
UZB,Habitat,arima_shared_order,0.00659062951050281,"(2, 0, 1)"
UZB,Health,ets,0.001671086224998275,
UZB,Infrastructure,arima,0.001820016088670058,
UZB,Sensitivity,ets,0.005828229964745124,
UZB,Social,ets,0.03256945462683465,
UZB,Water,ets,0.0006809999986739923,
VCT,Capacity,arima_shared_order,0.002519260361688702,"(2, 0, 0)"
VCT,Economic,arima_shared_order,0.03722384045702577,"(2, 0, 0)"
VCT,Ecosystems,arima,0.0011381156122443504,
VCT,Exposure,ets,6.661338147750939e-17,
VCT,Food,arima,0.0030132400549990556,
VCT,Governance,ets,0.010006157067781574,
VCT,Habitat,arima_shared_order,0.0008201763689916541,"(2, 0, 1)"
VCT,Health,arima,0.012658485988908763,
VCT,Infrastructure,arima,0.00046348495902707174,
VCT,Sensitivity,arima,0.006678039477914943,
VCT,Social,ets,0.01931990120744014,
VCT,Water,arima,0.00022178704461766062,
VEN,Capacity,ets,0.005496563038876179,
VEN,Economic,arima,0.01940696148711942,
VEN,Ecosystems,ets,0.0006198999311844311,
VEN,Exposure,ets,6.661338147750939e-17,
VEN,Food,ets,0.0010929152096536888,
VEN,Governance,ets,0.004994678270366526,
VEN,Habitat,arima,0.0017663352139114963,
VEN,Health,arima_shared_order,0.0006365443697627371,"(2, 0, 0)"
VEN,Infrastructure,arima,0.0002691701864537932,
VEN,Sensitivity,arima,0.0002065030592398931,
VEN,Social,ets,0.0019394317625036628,
VEN,Water,ets,0.0001643297594440596,
VNM,Capacity,arima_shared_order,0.007282062935837064,"(2, 0, 0)"
VNM,Economic,ets,0.025821503034769266,
VNM,Ecosystems,arima,0.0012768060444628081,
VNM,Exposure,ets,0.0,
VNM,Food,ets,0.0070221929719295195,
VNM,Governance,ets,0.036521139133301773,
VNM,Habitat,arima,0.001304759938752842,
VNM,Health,arima,0.0016901648785185186,
VNM,Infrastructure,arima,0.0225911869549442,
VNM,Sensitivity,arima_shared_order,0.0050574957632205765,"(2, 0, 0)"
VNM,Social,ets,0.011801455957782392,
VNM,Water,ets,0.0014202969814186117,
VUT,Capacity,ets,0.04996013102925938,
VUT,Economic,ets,0.013326641621356416,
VUT,Ecosystems,ets,3.1665040387063305e-05,
VUT,Exposure,ets,4.4408920985006264e-17,
VUT,Food,ets,0.0007029769961634846,
VUT,Governance,ets,0.026990373807139423,
VUT,Habitat,arima,0.0010704020242665146,
VUT,Health,ets,0.03413235581190481,
VUT,Infrastructure,ets,0.1044709008564944,
VUT,Sensitivity,ets,0.008803563550021331,
VUT,Social,ets,0.0023930153902197216,
VUT,Water,arima,0.00022178704461766062,
WSM,Capacity,arima_shared_order,0.02748435325238534,"(2, 0, 0)"
WSM,Economic,arima_shared_order,0.005154444420538362,"(2, 0, 0)"
WSM,Ecosystems,ets,0.0030515146714738426,
WSM,Exposure,ets,4.4408920985006264e-17,
WSM,Food,ets,0.004354606696174867,
WSM,Governance,ets,0.020718843181004566,
WSM,Habitat,ets,0.00044759999935937154,
WSM,Health,arima_shared_order,0.015502944034805255,"(2, 0, 0)"
WSM,Infrastructure,arima,0.06733093266146578,
WSM,Sensitivity,arima_shared_order,0.008390021911428801,"(2, 0, 0)"
WSM,Social,ets,0.0029501360488558117,
WSM,Water,arima_shared_order,7.798873357186542e-05,"(2, 0, 0)"
YEM,Capacity,ets,0.012278974303639755,
YEM,Economic,arima_shared_order,0.003297327296590091,"(2, 0, 0)"
YEM,Ecosystems,arima_shared_order,0.001088851418797465,"(2, 0, 0)"
YEM,Exposure,ets,6.661338147750939e-17,
YEM,Food,arima,0.01636409918701265,
YEM,Governance,ets,0.022927434745509713,
YEM,Habitat,arima_shared_order,0.006038031843019676,"(2, 0, 1)"
YEM,Health,ets,0.014154198626275516,
YEM,Infrastructure,ets,0.017835622617462625,
YEM,Sensitivity,ets,0.01871800326030647,
YEM,Social,arima_shared_order,0.0012931820188746945,"(2, 0, 0)"
YEM,Water,ets,1.6363178580125482e-05,
ZAF,Capacity,ets,0.0026869756372639,
ZAF,Economic,arima,0.0084645178967381,
ZAF,Ecosystems,ets,0.0018824272043628022,
ZAF,Exposure,ets,4.4408920985006264e-17,
ZAF,Food,ets,0.0015160880544179745,
ZAF,Governance,ets,0.02739033400625488,
ZAF,Habitat,arima_shared_order,0.003686700128276832,"(2, 0, 1)"
ZAF,Health,arima_shared_order,0.008821922560364126,"(2, 0, 0)"
ZAF,Infrastructure,arima_shared_order,0.0024907233493516702,"(2, 0, 0)"
ZAF,Sensitivity,arima_shared_order,0.0021232881514482494,"(2, 0, 0)"
ZAF,Social,ets,0.0178514741023883,
ZAF,Water,ets,0.001009519588625729,
ZMB,Capacity,ets,0.01928900316032911,
ZMB,Economic,arima_shared_order,0.0025431595642699143,"(2, 0, 0)"
ZMB,Ecosystems,arima,0.0009068563517530825,
ZMB,Exposure,ets,1.1102230246251565e-16,
ZMB,Food,arima_shared_order,0.003929688963897204,"(2, 0, 0)"
ZMB,Governance,arima_shared_order,0.026539107105575655,"(2, 0, 0)"
ZMB,Habitat,ets,0.000393698896995498,
ZMB,Health,arima_shared_order,0.005807459419128591,"(2, 0, 0)"
ZMB,Infrastructure,ets,0.03169139162590497,
ZMB,Sensitivity,ets,0.0022385090168220434,
ZMB,Social,ets,0.006394492689814779,
ZMB,Water,ets,0.0,
ZWE,Capacity,ets,0.01757997355602874,
ZWE,Economic,arima,0.0027193827087189427,
ZWE,Ecosystems,arima,0.00048262254148907503,
ZWE,Exposure,ets,1.1102230246251565e-16,
ZWE,Food,ets,0.006852508723450446,
ZWE,Governance,ets,0.005583722918192225,
ZWE,Habitat,arima_shared_order,0.02224833712062695,"(2, 0, 1)"
ZWE,Health,arima,0.0021255133339282083,
ZWE,Infrastructure,ets,0.05878900638940262,
ZWE,Sensitivity,ets,0.007837436624031103,
ZWE,Social,ets,0.003600028026429203,
ZWE,Water,ets,0.003605423726144197,
